section-result-title,section-result-details,section-result-location,section-result-info,section-result-info 2,cards-rating-score,section-result-num-ratings,section-result-action href,section-result-action-icon src 2,section-result-action-text 2,section-result-info 3
Botica Nueva,Pharmacy,279 Corner Manauli Lincoln St,Open until 8:00 pm,(032) 253 1653,,,,,,
GV Botica,Pharmacy,"Osmeña Boulevard corner Sanciangko Street, Cebu City, Cebu",Open until 9:00 pm,(032) 253 7978,5.0,(1),http://www.gvhotels.com.ph/,https://www.gstatic.com/images/icons/material/system_gm/1x/public_gm_blue_20dp.png,Website,
GV Botica,Pharmacy,Sangi,,0922 887 0619,,,https://www.facebook.com/pages/GV-Botica/147488421976244,https://www.gstatic.com/images/icons/material/system_gm/1x/public_gm_blue_20dp.png,Website,
Botica Crisfila,,"53 Floor Main Store, Calderon, Cebu City, Cebu",,(032) 256 1503,,,,,,
Botica Nuestra Divina Gracia,Drug store,68 Riza Ave Extension,,(032) 418 9573,,,,,,
Botica John,Pharmacy,,,(032) 273 2953,,,,,,
Botica Alze & General Merchandise,Pharmacy,"N. Bacalso Extension corner Tabada, Mambaling",,(032) 418 9548,,,,,,
Lab Botica,Pharmacy,Cor Garfieno St And Tres De Abril,,(02) 7266 0883,,,,,,
Botica John,Pharmacy,Katipunan St,,(032) 412 5000,,,,,,
Botica 2V.J,Pharmacy,1127 V Rama Ave,,,,,,,,
Botica John,Pharmacy,237 Rizal St,,(032) 340 8482,,,,,,
Botica Selco,Pharmacy,26 M. C. Briones St,,(032) 256 1275,,,,,,
Botica Rivera And General Merchandise,Pharmacy,12 Salinas Extension,,,,,,,,
Botica Sagrada Pamilya,Pharmacy,,Open until 10:00 pm,,,,,,,
Botica Micaela & General Merchandise,Pharmacy,260 Tres de Abril St,,,,,,,,
Botica Marcia,Pharmacy,A. Tumulak St,,(032) 340 5833,,,,,,
VSMMC Doh Botica,Pharmacy,B. Rodriguez St,,(032) 253 4423,,,http://www.vsmmc.doh.gov.ph/,https://www.gstatic.com/images/icons/material/system_gm/1x/public_gm_blue_20dp.png,Website,
Botica St Jude,,"G Y Dela Cerna, Lapu-Lapu City",,(032) 340 8155,,,,,,
Botica Nuestra Senora Divina Garcia,Pharmacy,,,0926 616 2738,,,,,,
Botica Rivera,,34 Tiburcio Padilla St,,(032) 415 5313,,,,,,
Botica Lao,,"98-J M. J. Cuenco, Cebu City, Cebu",Open until 8:00 pm,(032) 232 8364,,,,,,
Botica Medicus,,"Cebu Doctors College, Cebu City",Open until 9:00 pm,(032) 255 4359,5.0,(1),,,,
Botica john pharmacy,Pharmacy,Toledo - Tabunok Rd,0922 887 0619,,5.0,(1),,,,
Botica Marcia,,Looc-Basak Rd,,(032) 340 5833,,,,,,
Botica Alze And Gen. Merchandize,General store,Tabada St,,(032) 260 8905,,,,,,
Botica Sta. Maria,Pharmacy,Tagunol St,Open until 10:00 pm,(032) 273 2953,,,,,,
Botica San Fernando?,,,,(032) 564 2888,,,,,,
Botika Ni Mama,Pharmacy,Emilio Jaca Sr.,(02) 7266 0883,,,,,,,
Botica Sto.Nino,Pharmacy,Central Nautical Hwy,(032) 412 5000,,,,,,,
Ymong Botica,Pharmacy,"30, Central Nautical Hwy",,,,,,,,
Botica Marina,Pharmacy,,(032) 340 8482,,,,,,,
Botica Generica,Drug store,Ubay - Talibon Rd,Open until 9:00 pm,(032) 256 1275,,,,,,
Botica Rezel,Pharmacy,Alturas Market St,,,,,,,,
Botica Santo Tomas,Wholesale drugstore,,,Open until 10:00 pm,,,,,,
Eco Hub Cebu,Cutlery store,"across Botica, Solar Building, Katipunan Street, D.E",,,,,,,,Temporarily closed
Buenavista Botica Josele,Pharmaceutical company,,,0929 421 0351,,,,,,
Banco de Oro Automatic Teller Machine,,Fooda Savers-Guadalupe between Botica 2VJ &amp; Franzy Salon V. Rama Avenue,(032) 253 4423,,,,,,,
Western Union - Eden's Pawnshop and Jewelry Store-Katipunan,,"Solar Building, Katipunan Street (across Botica D.E.), Barangay Tisa, Cebu City, 6000, Cebu",,(032) 414 4556,3.0,(2),,,,
Botica Marina,,"San Jose, Talibon, Bohol",,(038) 515 0010,,,,,,
Botica Carmels,,,(032) 415 5313,,,,,,,
Botica Curada,Pharmacy,,(032) 232 8364,Open until 8:00 pm,3.0,(1),,,,
BOTICA JAN,Drug store,Sorsogon City,(032) 430 9297,Open until 9:00 pm,5.0,(1),,,,
Bagong Botica,Pharmacy,Pagadian City,,(062) 215 1575,5.0,(1),,,,
Botica Carina,Pharmacy,Davao City,Open until 10:00 pm,(082) 295 0215,5.0,(1),,,,
Botica ata,Pharmacy,Pagadian City,Open until 7:00 pm,0909 199 2448,,,,,,
Botica Jada,Pharmacy,,0917 636 2840,Open until 10:00 pm,4.3,(3),,,,
Botica Pag-asa,Pharmacy,,Open until 8:00 pm,(032) 422 3833,5.0,(1),,,,
Botica Hinatuan,Pharmacy,,Open until 6:30 pm,0917 634 0023,,,,,,
Botica Maramag,Pharmacy,Maramag,0905 609 0185,,5.0,(1),,,,
JJ Botica,Drug store,,,Open until 10:00 pm,5.0,(3),,,,
Botica Tracy,Pharmacy,Tandag,Open until 8:00 pm,(053) 552 8271,5.0,(1),,,,
Botica Hibaya and Minimart,Supermarket,,(032) 256 1275,Open until 9:00 pm,3.0,(2),,,,
Botica Cel,Drug store,,,Open until 8:00 pm,5.0,(1),,,,
Botica ng Barangay,Pharmacy,Arakan,,Open until 10:00 pm,5.0,(1),,,,
BOTICA SAN ISIDRO,Pharmacy,,,,,,,,,Temporarily closed
Botica Micah,,Legazpi City,,(052) 824 0156,,,,,,
Bon Botica,Pharmacy,Mauban,(086) 231 7886,,,,,,,
Botica Wena,Pharmacy,Mati,(032) 414 4556,,3.0,(2),,,,
La Botica,Pharmacy,Makati,,(02) 8892 1919,,,,,,
Botica Teresa,Pharmacy,T'Boli,(032) 254 4826,,4.5,(2),,,,
Botica AMC,Drug store,Navotas,Open until 8:00 pm,(02) 8351 1037,3.0,(1),,,,
Botica Nicolas,Pharmacy,,(02) 8741 4947,Open until 9:00 pm,5.0,(1),,,,
Botica Bantog,Pharmacy,Manila,,(02) 8367 7098,5.0,(1),,,,
Botica Tapat,,Dasmariñas,Open until 10:00 pm,(046) 671 6369,5.0,(1),,,,
Botica De San Dionisio - Las Piñas Branch,Convenience store,Las Pinas,Open until 7:00 pm,0966 713 9781,,,http://sandionisiocredit.coop/,https://www.gstatic.com/images/icons/material/system_gm/1x/public_gm_blue_20dp.png,Website,Closed today
G.A.C BOTICA,Drug store,,Open until 9:00 pm,0926 204 3930,4.3,(3),,,,
RBG Botica,Pharmacy,San Carlos City,Open until 8:00 pm,0908 874 9371,5.0,(1),,,,
Botica Jan,Pharmacy,Urdaneta,Open until 6:30 pm,(075) 568 6508,,,,,,
Botica Medica and General Merchandise,Pharmacy,Bayombong,Open until 8:00 pm,0905 381 3212,5.0,(1),,,,
Botica Gelo,Pharmacy,Pulilan,(02) 3454 6904,Open until 10:00 pm,5.0,(3),,,,
Botica 24 Hours,Pharmacy,Olongapo,(02) 8589 3422,Open until 8:00 pm,5.0,(1),,,,
Botica . Farmácia de Manupilação . Und Dirceu II,Pharmacy,Teresina,Opens at 8:00 am,+55 86 3221-3204,3.1,(14),https://www.farmaciabotica.com.br/,https://www.gstatic.com/images/icons/material/system_gm/1x/public_gm_blue_20dp.png,Website,Closed
Botica Nueva,Pharmacy,León,(042) 555 8241,Open until 9:00 pm,5.0,(2),http://boticanuevaonline.com/,https://www.gstatic.com/images/icons/material/system_gm/1x/public_gm_blue_20dp.png,Website,
Botica Magistral,Pharmacy,Ciudad del Este,Opens at 7:00 am,+595 61 503 123,4.2,(11),http://www.botica.com.py/,https://www.gstatic.com/images/icons/material/system_gm/1x/public_gm_blue_20dp.png,Website,Closed
La Botica Health Mart Pharmacy,Pharmacy,Coachella,Opens at 9:00 am,+1 760-296-3468,4.9,(13),http://www.laboticapharmacy.net/,https://www.gstatic.com/images/icons/material/system_gm/1x/public_gm_blue_20dp.png,Website,Closed
Botica nueva,Homeopathic pharmacy,Zapopan,Opens at 10:00 am,+52 33 1766 6473,,,http://boticanuevaonline.com/,https://www.gstatic.com/images/icons/material/system_gm/1x/public_gm_blue_20dp.png,Website,Closed
BOTICA SAN Antonio,Pharmacy,Monterrey,Opens at 9:00 am,+34 635 71 25 09,1.5,(2),,,,Closed
Botica Nueva Fresno,Pharmacy,Guadalajara,Opens at 10:00 am,+52 33 3811 0267,2.9,(7),http://boticanuevaonline.com/,https://www.gstatic.com/images/icons/material/system_gm/1x/public_gm_blue_20dp.png,Website,Closed
La Botica Del Señor,Herbal medicine store,Montevideo,Opens at 9:30 am,+598 2403 1761,3.1,(11),https://www.boticadelsenor.com.uy/,https://www.gstatic.com/images/icons/material/system_gm/1x/public_gm_blue_20dp.png,Website,Closed
Drogas La Botica,Drug store,Santa Marta,Opens at 7:30 am,+57 5 4208188,4.0,(2),,,,Closed
Botica,Pharmacy,Teresina,Opens at 7:00 am,+55 86 3221-3204,4.1,(29),https://farmaciabotica.com.br/,https://www.gstatic.com/images/icons/material/system_gm/1x/public_gm_blue_20dp.png,Website,Closed
BOTICA COSMÉTICA SANTA CRUZ,Pharmacy,Zapopan,Opens at 3:00 pm,+52 33 3135 2342,5.0,(1),http://www.boticacosmeticasantacruz.com/,https://www.gstatic.com/images/icons/material/system_gm/1x/public_gm_blue_20dp.png,Website,Closed
Botica Farmacia de Manipulação,Pharmacy,Teresina,Opens at 7:30 am,+55 86 3221-3204,3.2,(11),https://farmaciabotica.com.br/,https://www.gstatic.com/images/icons/material/system_gm/1x/public_gm_blue_20dp.png,Website,Closed
Cotillion Botica Magica - Central House,Party store,Asunción,Opens at 8:00 am,+595 21 444 616,3.9,(429),http://www.boticamagica.com.py/,https://www.gstatic.com/images/icons/material/system_gm/1x/public_gm_blue_20dp.png,Website,Closed
"BOTICA TRINITY (matrix, center)",Health food store,Guadalajara,Opens at 10:00 am,+52 33 3613 4898,3.5,(11),http://www.boticadelatrinidad.com/,https://www.gstatic.com/images/icons/material/system_gm/1x/public_gm_blue_20dp.png,Website,Closed
SAN FRANCISCO BOTICA,Pharmacy,Zapopan,Opens at 10:25 am,+52 33 1202 0097,5.0,(2),http://www.boticasanfrancisco.com/,https://www.gstatic.com/images/icons/material/system_gm/1x/public_gm_blue_20dp.png,Website,Closed
Farmácia Botica,Pharmacy,Brasilia,Opens at 8:00 am,+55 61 3224-7716,4.2,(16),https://www.boticamanipulacoes.com.br/,https://www.gstatic.com/images/icons/material/system_gm/1x/public_gm_blue_20dp.png,Website,Closed
Botica San José,Drug store,Mexicali,Opens at 7:00 am,+52 686 566 3340,5.0,(3),,,,Closed
Drogas La Botica,Pharmacy,Barranquilla,Opens at 8:00 am,0905 381 3212,3.8,(4),,,,Closed
A Botica Restaurante - Fátima | Ourém,Portuguese,Ourém,Opens at 12:00 pm,+351 249 541 627,4.5,(293),https://www.botica.wine/,https://www.gstatic.com/images/icons/material/system_gm/1x/public_gm_blue_20dp.png,Website,Closed
La Botica,Pharmacy,Barranquilla,Open until 8:00 pm,+57 5 3736339,3.0,(4),,,,
Droguería La Botica,Pharmacy,Barranquilla,Opens at 7:30 am,+57 301 5582144,3.3,(3),,,,Closed
Botica Piscadera,Pharmacy,Willemstad,Opens at 8:00 am,+599 9 868 5022,4.2,(6),https://m.facebook.com/BoticaCerritoPiscaderaNovo/,https://www.gstatic.com/images/icons/material/system_gm/1x/public_gm_blue_20dp.png,Website,Closed
Botica Brasil,Pharmacy,Nova Friburgo,Opens at 8:30 am,+55 22 99269-9405,5.0,(4),http://boticabrasil.com.br/,https://www.gstatic.com/images/icons/material/system_gm/1x/public_gm_blue_20dp.png,Website,Closed
Botica Di Servicio Maria,Pharmacy,Santa Cruz,Opens at 8:00 am,+297 640 8443,5.0,(6),http://www.boticadiservicio.com/,https://www.gstatic.com/images/icons/material/system_gm/1x/public_gm_blue_20dp.png,Website,Closed
Botica Jahnsen,Pharmacy,Jesús María,Opens at 9:00 am,+51 1 3304767,4.0,(2),,,,Closed
Botica Naturista,Pharmacy,Tijuana,+34 635 71 25 09,Opens at 9:00 am,1.5,(2),,,,Closed
Farmacia Botica San Miguel Farmacia 13 horas Dermocosmética,Pharmacy,Madrid,Open until 11:00 pm,+34 915 48 06 18,4.7,(82),https://botica-san-miguel.business.site/,https://www.gstatic.com/images/icons/material/system_gm/1x/public_gm_blue_20dp.png,Website,Closed
La Botica,Auto parts store,San Miguel de Tucumán,Opens at 9:30 am,+54 381 422-1787,4.3,(96),https://definicion.de/botica/,https://www.gstatic.com/images/icons/material/system_gm/1x/public_gm_blue_20dp.png,Website,Temporarily closed
La Botica,Pharmacy,Chocamán,Opens at 7:30 am,+52 273 732 2014,4.0,(2),,,,Closed
Botica La bebe,Pharmacy,Zapopan,Opens at 8:00 am,+55 86 3221-3204,4.0,(4),,,,Closed
Botica Santa Gemma - Farmácia de manipulação,Pharmacy,São Paulo,Opens at 9:00 am,+55 11 3045-6379,5.0,(5),http://www.boticasantagemma.com.br/,https://www.gstatic.com/images/icons/material/system_gm/1x/public_gm_blue_20dp.png,Website,Closed
Botica RedSalud,Pharmacy,Lima District,+595 21 664 050,Opens at 7:00 am,4.5,(26),,,,Closed
Mi Botica,Organic shop,Lorca,Open until 2:00 pm,+34 968 46 17 72,4.5,(28),http://komerco.es/comercio/85/lorca/mi-botica/inicio/1/1,https://www.gstatic.com/images/icons/material/system_gm/1x/public_gm_blue_20dp.png,Website,Temporarily closed
Botica do Valle,Pharmacy,Joinville,Opens at 8:00 am,+55 47 3027-7597,4.3,(57),http://www.boticadovalle.com.br/,https://www.gstatic.com/images/icons/material/system_gm/1x/public_gm_blue_20dp.png,Website,Closed
Botica Alfa,Pharmacy,Comas,+55 83 3225-8515,Opens at 8:00 am,4.9,(10),,,,Closed
Botica De Savaan,Pharmacy,Willemstad,Opens at 8:00 am,+599 9 869 7770,4.4,(5),,,,Closed
Botica Universal,Drug store,Tarapoto,+297 640 8443,Opens at 8:00 am,3.0,(1),,,,Closed
BENU Pharmacy Kibrahacha,Pharmacy,Noord,Opens at 7:30 am,+297 525 2599,4.6,(5),http://www.benucaribbean.com/,https://www.gstatic.com/images/icons/material/system_gm/1x/public_gm_blue_20dp.png,Website,Closed
Botica Varela,Pharmacy,Lima District,+52 844 234 9212,Opens at 9:00 am,4.0,(2),,,,Closed
BOTICA JUNIN,Pharmacy,"Medellín, Medellin",Opens at 8:00 am,+57 4 3134501,5.0,(2),,,,Closed
Botica San José,Pharmacy,Mexicali,Opens at 7:30 am,+52 686 554 9496,4.3,(3),,,,Closed
Botica Di Servicio Palm Beach,Pharmacy,Noord,Opens at 10:00 am,+297 586 1717,3.0,(4),http://www.boticadiservicio.com/,https://www.gstatic.com/images/icons/material/system_gm/1x/public_gm_blue_20dp.png,Website,Closed
Botica Magistral,Pharmacy,Presidente Prudente,Opens at 7:30 am,+55 18 3221-4334,4.5,(18),http://boticamagistral.com.br/,https://www.gstatic.com/images/icons/material/system_gm/1x/public_gm_blue_20dp.png,Website,Closed
Botica Herbolaria,Store,Mérida,Opens at 10:00 am,+52 999 115 8940,4.0,(3),,,,Closed
Sucursal Denis Roa - Botica Mágica,Party store,Asunción,Opens at 8:30 am,+595 21 609 274,4.0,(377),,,,Closed
Botica SIMILARES,Pharmacy,Comas,+52 646 178 2835,Opens at 9:00 am,1.5,(2),,,,Closed
Botica Junín - Complex Los Balsos,Pharmacy,"Medellín, Medellin",Opens at 8:00 am,+57 4 3171266,3.3,(3),http://www.boticajunin.com.co/,https://www.gstatic.com/images/icons/material/system_gm/1x/public_gm_blue_20dp.png,Website,Closed
American Health - Botica,Pharmacy,Lima District,Opens at 11:40 am,+51 1 6170000,3.4,(17),https://www.americasalud.com.pe/,https://www.gstatic.com/images/icons/material/system_gm/1x/public_gm_blue_20dp.png,Website,Closed
Botica Nacional S.A. de C.V.,Pharmacy,Fresnillo,Opens at 8:00 am,+52 493 932 1182,5.0,(1),,,,Closed
Botica Barcia,Pharmacy,Guayaquil,Opens at 9:00 am,+593 4-241-2327,4.0,(4),http://boticabarcia.com/,https://www.gstatic.com/images/icons/material/system_gm/1x/public_gm_blue_20dp.png,Website,Closed
Farmacia la Botica,Pharmacy,Xicotepec de Juárez,Opens at 8:00 am,+52 764 764 1974,5.0,(1),,,,Closed
Botica Raiza,Pharmacy,Santa Anita,Opens at 10:00 am,+51 4218033,3.0,(1),,,,Closed
La Botica,Bar,Arrecife,Open until 2:00 am,+34 928 81 21 15,3.8,(61),,,,Closed
Botica del monte,Herbal medicine store,Río Tercero,Opens at 5:00 pm,+54 3571 54-1696,4.3,(57),https://www.instagram.com/boticadelmonte/,https://www.gstatic.com/images/icons/material/system_gm/1x/public_gm_blue_20dp.png,Website,Closed
Botica La Inmaculada,Pharmacy,,Opens at 7:00 am,+51 42 531643,5.0,(2),,,,Closed
Botica SANDRA,Drug store,Los Olivos,+34 914 15 13 02,Open until 2:00 pm,3.5,(2),,,,Closed
botica jerusalen,Pharmacy,,Opens at 9:00 am,+51 965 046 663,5.0,(2),,,,Closed
Mi Botica Latina,Convenience store,North Chesterfield,Opens at 10:00 am,+1 804-276-4417,4.0,(5),,,,Closed
BOTICA LA PALMERA,Pharmacy,Tacna,Opens at 7:30 am,+51 990 013 366,3.5,(2),,,,Closed
Apartments Botica,Lodging,Mlini,Opens at 8:00 am,+385 98 345 440,3.5,(15),,,,Closed
LA BOTICA DE FELIPE,Restaurant,Cuenca,Opens at 8:00 am,+34 969 24 36 64,4.7,(109),,,,Temporarily closed
Botica Farma Plus,Pharmacy,Puente Piedra,Open until 8:00 pm,+51 1 5274221,4.9,(32),,,,Closed
Botica Lírio D'Água,Homeopathic pharmacy,Itu,Opens at 8:00 am,+55 11 4022-7655,4.8,(69),http://www.liriodagua.com.br/,https://www.gstatic.com/images/icons/material/system_gm/1x/public_gm_blue_20dp.png,Website,Closed
La Botica de la Cerveza,Beer store,Málaga,Opens at 12:00 pm,+34 684 30 86 42,4.7,(454),http://www.facebook.com/laboticadelacerveza/,https://www.gstatic.com/images/icons/material/system_gm/1x/public_gm_blue_20dp.png,Website,Closed
Alojamientos Botica Rural,Indoor lodging,,Opens at 8:30 am,+34 912 79 75 57,4.0,(118),,,,Closed
Botica De Ideias Unipessoal Lda,Computer consultant,São Domingos de Rana,Opens at 9:00 am,+351 965 328 839,5.0,(1),,,,Closed
Botica Autlan,Party store,Las Vegas,Opens at 8:00 am,+1 702-632-8942,5.0,(2),,,,Closed
Bar Restaurante BOTICA,Grill,Mejorada del Campo,Open until 10:00 pm,+34 916 79 37 60,4.7,(68),,,,Closed
La Botica Café,Restaurant,Ibarra,Opens at 4:00 pm,+593 99 294 7645,4.3,(149),http://www.facebook.com/LaBoticaCafe,https://www.gstatic.com/images/icons/material/system_gm/1x/public_gm_blue_20dp.png,Website,Closed
Hotel Rural La Botica,Hotel,Imon,Opens at 9:00 am,+34 949 39 74 15,4.7,(29),http://www.laboticahotelrural.com/,https://www.gstatic.com/images/icons/material/system_gm/1x/public_gm_blue_20dp.png,Website,Closed