section-result-title,section-result-details,section-result-location,section-result-info,cards-rating-score,section-result-num-ratings,section-result-info 2,section-result-info 3
Botika Ni Mama,Drug store,"Nadela Building, Gabuya St",(032) 416 4047,,,,
Botika ni Mama,Pharmacy,Gov. M. Cuenco Ave,(032) 268 9249,,,,
Botika ni Mama,Pharmacy,Paseo Toby Ronald,(032) 416 4047,,,,
Botika Ni Mama,Pharmacy,Emilio Jaca Sr.,,,,,
Botika Odessa And General Merchandise,Pharmacy,Natalio B. Bacalso Ave,(032) 417 9004,5.0,(1),,
Lawasnong botika,Physician,53 Spolarium St,,,,,
Botika Ng Barangay Looc,Drug store,A.Mabini,(032) 420 2927,,,,
Botika John,,S. Osmeña Street,,,,,
Botika ni Mama,General store,H Abellana,(032) 414 4797,,,,
Botika Mama,,Tabunok Talisay City Cebu,(036) 497 1655,,,,
Botika ni Mama,Hindu temple,Emilio Jaca Sr.,(032) 410 6583,3.0,(4),Temporarily closed,
Botika Ng Barangay,Medical Center,Rafael Rabaya St.,(032) 273 3733,5.0,(1),,
GV Botica,Pharmacy,"Osmeña Boulevard corner Sanciangko Street, Cebu City, Cebu",(032) 253 7978,5.0,(1),,Open until 9:00 pm
Botica Sto.Nino,Pharmacy,Central Nautical Hwy,,,,,
Botica Santo Tomas,Wholesale drugstore,,,,,,
Botikang Pinoy,Pharmacy,C. Rodriguez Cor B Rodriguez,(032) 412 0424,,,,
Mega Value Drug Store,Pharmacy,"117, Colomall, Osmeña Blvd",(032) 412 4797,,,,
Farmacia Ni Dok,Pharmacy,"H & H Market, Masulog Road",,,,,
Farmacia,Pharmacy,S. Osmeña Street,,5.0,(1),,
Botika Yesha,Pharmacy,Cor. Rodriguez Yulo St.,(034) 704 3703,,,,Open until 8:00 pm
"Botika Ng Bayan Sa Tubigon, Bohol",,Pooc Occidental Tagbilaran North Road,(038) 508 8883,,,,
Botika de Jennifer,Pharmacy,Loay Interior Road,(032) 268 9249,,,,
Catigbian Botika ng Bayan,Pharmacy,Cortes - Balilihan - Catigbian - Macaas Rd,(032) 416 4047,3.0,(1),,Closing soon: 5:00 pm
Calape Botika Ng Bayan,Pharmacy,Sta. Cruz Barangay Rd,,,,,Closing soon: 5:00 pm
Botika Express,Pharmacy,Sierra Bullones - Malinao Dam - Pilar Rd,(032) 417 9004,5.0,(1),,
Botika Cheska,Pharmacy,Tabao Proper Zone 1-Valladolid Negros Occidental Road,(034) 702 2715,,,,
BOTIKA SA PAROKYA,Pharmacy,Roque Hofilena St,(033) 495 3800,,,,Closing soon: 5:00 pm
Botika Ng Bayan La Castellana Branch,Medical supply store,,,,,,
BOTIKA MART - BAYAD CENTER,Corporate office,,(032) 414 4797,,,,
Botika sa Katawhan,Pharmacy,,(036) 497 1655,5.0,(1),,
Botika St. Roch,,"Cor. Magsaysay-Veterans World II Sts., Cadiz City, Negros Occidental",(034) 399 2911,3.0,(4),Temporarily closed,
CEV's BOtika,Pharmacy,Jalandoni St,(032) 273 3733,5.0,(1),,
Botika Valeria,Pharmacy,,(032) 253 7978,5.0,(1),Open until 9:00 pm,
Botika ni Doki,Pharmaceutical products wholesaler,,,,,,
Calape Botika Ng Bayan,Pharmacy,0095 M. Parras St,,,,,
Botika ng Barangay,Pharmacy,,(032) 412 0424,5.0,(2),,
Botika ng Barangay,Public health department,Tacup-Gawaygaway-Binabag Road,(032) 412 4797,,,,
Bilar Botika Ng Bayan,Faculty of pharmacy,,,,,,
Tagbiliran City Botika sa Katawhan,,"CHO Building Annex, Calceta Street, Tagbiliran City, Bohol",(038) 235 5497,5.0,(1),,
Botika Health Plus,Local government office,Hontanosas Rd,(038) 502 3005,,,,Open until 8:00 pm
Bruce Convenience Store Botika ng Bayan,Supermarket,"Osmena Street, Zone I, Sogod",(053) 381 4193,3.0,(1),,
Len-len store (old botika ng brgy. Guiljungan),Motorcycle parts store,,(032) 268 9249,,,,Open until 6:00 pm
BOTIKA NI PIDRO,Pharmacy,,(086) 826 8670,3.0,(1),,Open until 12:00 am
Catmon Botika ng Barangay,Pharmacy,Barangay,,,,Closing soon: 5:00 pm,
Botica de San Francisco,Wholesale drugstore,Western Nautical Hwy,0917 636 2840,5.0,(1),,
Bruce Convenience Store Botika ng Bayan - Maasin City,,,(053) 381 4604,,,,
BOTIKA NI PIDRO,Pharmacy,Rizal Street,(086) 826 8670,,,,Open until 12:00 am
Bulaclac Pharmacy (Ang Botika Ng Bayan),Pharmacy,,0908 896 7103,,,Closed today,
botika kara,Pharmacy,Jose Rizal Ave,(032) 414 4797,5.0,(1),,
Botika Ng Calbiga,Drug store,,(036) 497 1655,5.0,(1),,
Botika Fabria & Store,Home goods store,,(034) 399 2911,3.0,(4),,Temporarily closed
Botika & Barangay,Pharmacy,Tomas Saco St,(032) 273 3733,5.0,(1),,
Botika ng Barangay,Herbal medicine store,,(032) 253 7978,5.0,(1),Open until 9:00 pm,
Botika Medina,Pharmaceutical products wholesaler,alaba street,,,,,
Botika Ng Barangay,Pharmacy,Burgos St,,,,,
Botika Linamon,Drug store,Linamon National Hwy,(032) 412 0424,5.0,(2),,
Botika Ng Barangay,Public health department,20th St,(032) 412 4797,,,,
Carres Botika,Pharmacy,"Johnson street, corner Perez street",0906 526 5813,5.0,(2),,Closing soon: 5:00 pm
Botika ng Barangay Baikingon,Medical supply store,Unnamed Road,(038) 235 5497,5.0,(1),,Closing soon: 5:00 pm
Botika Ng Barangay,Pharmacy,,(038) 502 3005,,,Open until 8:00 pm,
Bruce Convenience Store Botika ng Bayan,Supermarket,Sogod,(053) 381 4193,3.0,(1),,
Len-len store (old botika ng brgy. Guiljungan),Motorcycle parts store,,(032) 268 9249,,,,Open until 6:00 pm
BOTIKA NI PIDRO,Pharmacy,,(086) 826 8670,3.0,(1),,Open until 12:00 am
Catmon Botika ng Barangay,Pharmacy,St Bernard,,,,Closing soon: 5:00 pm,
Botica de San Francisco,Wholesale drugstore,Jimalalud,0917 636 2840,5.0,(1),,
Bruce Convenience Store Botika ng Bayan - Maasin City,,,(053) 381 4604,,,,
BOTIKA NI PIDRO,Pharmacy,Surigao City,(086) 826 8670,,,,Open until 12:00 am
Bulaclac Pharmacy (Ang Botika Ng Bayan),Pharmacy,,0908 896 7103,,,Closed today,
botika kara,Pharmacy,Dapitan City,(032) 414 4797,5.0,(1),,
Botika Ng Calbiga,Drug store,,(036) 497 1655,5.0,(1),,
Botika Fabria & Store,Home goods store,,(034) 399 2911,3.0,(4),,Temporarily closed
Botika & Barangay,Pharmacy,Cagayan de Oro,(032) 273 3733,5.0,(1),,
Botika ng Barangay,Herbal medicine store,,(032) 253 7978,5.0,(1),Open until 9:00 pm,
Botika Medina,Pharmaceutical products wholesaler,Medina,,,,,
Botika Ng Barangay,Pharmacy,Cagayan de Oro,,,,,
Botika Linamon,Drug store,Linamon,(032) 412 0424,5.0,(2),,
Botika Ng Barangay,Public health department,Cagayan de Oro,(032) 412 4797,,,,
Carres Botika,Pharmacy,San Fernando,0906 526 5813,5.0,(2),,Closing soon: 5:00 pm
Botika ng Barangay Baikingon,Medical supply store,Opol,(038) 235 5497,5.0,(1),,Closing soon: 5:00 pm
Botika Ng Barangay,Pharmacy,,(038) 502 3005,,,Open until 8:00 pm,
BOTIKA LOUMAR'S,Pharmacy,Cantilan,0921 387 6379,3.0,(1),,
Carmen Botika sa Barangay,Pharmacy,Jimenez,(032) 268 9249,,,Open until 6:00 pm,
Botika Sa Pio Duran,Pharmacy,,(086) 826 8670,3.0,(1),Open until 12:00 am,
BOTIKA SAN ISIDRO,Pharmacy,Maramag,,,,Closing soon: 5:00 pm,
Botika Ni Nanay,Organic drug store,Pagadian City,0920 927 1179,5.0,(1),,
Botika Ni Nanay,Organic drug store,Pagadian City,(053) 381 4604,,,,
Dahilayan Botika ng Barangay,Pharmacy,Manolo Fortich,(086) 826 8670,5.0,(1),Open until 12:00 am,
BOTIKA NG ZAMBOANGA DEL SUR,Drug store,Pagadian City,0908 896 7103,,,,Closed today
Marsolo Botika ng Bayan,Pharmacy,Naga,(032) 414 4797,5.0,(1),,
Botika ng Bayan,Pharmacy,Marikina,(02) 7943 2714,4.0,(1),,
Botika Ng Barangay,Pharmacy,,(034) 399 2911,3.0,(4),,Temporarily closed
BOTIKA ANYA,Pharmacy,,0946 687 5198,5.0,(1),,
Botika Ng Bayan,Pharmacy,Quezon City,(02) 8742 2649,5.0,(1),,Open until 9:00 pm
Botika Botik,Pharmacy,Dasmariñas,(046) 521 4449,5.0,(1),,Open until 8:00 pm
Adela Fortuna Botika,Pharmacy,Davao City,(082) 227 7441,,,,Open until 8:30 pm
BOTIKA PUTI,Pharmacy,Quezon,0917 120 9399,5.0,(4),,Open until 9:00 pm
BOTIKA EXPRESS,Pharmacy,Virac,(032) 412 4797,,,,Open until 7:00 pm
Botika ni Juan,Pharmacy,Upi,0956 115 3759,4.0,(1),,Closing soon: 5:00 pm
Botika ni Juan II,Pharmacy,Upi,0999 748 7931,5.0,(1),,Closing soon: 5:00 pm
Botika ni Juan,Pharmacy,Upi,0949 194 6996,,,,Closing soon: 5:00 pm
Botika ni Eba,Drug store,Dasmariñas,0921 387 6379,3.0,(1),Open until 8:00 pm,
Botika Paracale,Drug store,Paracale,(032) 268 9249,,,Open until 6:00 pm,
Hacim's Botika,,Valenzuela,(086) 826 8670,3.0,(1),Open until 12:00 am,
Botika ng Barangay Culianan,Pharmacy,Zamboanga,(082) 222 5565,,,Closing soon: 5:00 pm,
Botika ni Angelie,Pharmacy,Batangas,0909 626 9222,5.0,(1),,Open until 7:00 pm
Budget Botika,Drug store,Las Pinas,(053) 381 4604,,,,Open until 10:00 pm
JTL Botika Pharmacy,Pharmacy,Santa Cruz,(086) 826 8670,5.0,(1),Open until 12:00 am,
Vher-Gil Pharma Botika,Pharmacy,Bay,0908 896 7103,,,,Closed today
Botika,Pharmacy,,(032) 414 4797,5.0,(1),,
Botika Ng Bayan,Pharmacy,Parañaque,0929 433 1951,4.0,(1),,
Budget Botika,Drug store,Bacoor,(034) 399 2911,3.0,(4),Temporarily closed,Open until 10:00 pm
Botika ng Bayan,Pharmacy,Quezon City,0927 834 9356,5.0,(1),,Open until 10:00 pm
Botica J.A.N.S.A. (Botika Ng Bayan),Pharmacy,Pasig,0917 980 9626,5.0,(1),,Open until 9:00 pm
Botika Ng Bayan,Drug store,Quezon City,(02) 3416 8823,5.0,(1),,Open until 8:00 pm
Botika ni Thale,Homeopathic pharmacy,Pililla,0997 734 9743,5.0,(1),,Open until 8:30 pm
Bayabas Botika ng Barangay,Pharmacy,Davao City,0917 120 9399,3.0,(1),Open until 9:00 pm,
Botika,Drug store,Manila,(02) 7358 3922,,,,Open until 7:00 pm
Botika Ni Tiago,Drug store,Manila,(02) 8666 5466,4.0,(1),,Closing soon: 5:00 pm
Botika ni Nene,Pharmacy,Quezon City,(02) 8871 7820,5.0,(1),,Closing soon: 5:00 pm
Botika Ni Yahweh,Pharmacy,,0949 194 6996,,,Closing soon: 5:00 pm,
Budget Botika,Drug store,Cabuyao,0921 387 6379,3.0,(1),,Open until 10:00 pm
Botika ng Bayan,Pharmacy,Pagsanjan,(032) 268 9249,,,,Open until 6:15 pm
BOTIKA NG BARANGAY,Pharmacy,Marikina,(086) 826 8670,3.0,(1),Open until 12:00 am,
Budget Botika,Drug store,Las Pinas,(082) 222 5565,,,,Open until 8:00 pm
Del Pilar Botika,Pharmacy,Quezon City,0933 380 3024,5.0,(1),,Open until 7:00 pm
Botika De Nazareno Drugstore,Drug store,Capalonga,0947 720 6307,,,,Open until 10:00 pm
BOTIKA HYGEIA,Homeopathic pharmacy,Pasay,(086) 826 8670,5.0,(1),Open until 12:00 am,
Botika ng Frisco,Pharmacy,Quezon City,0916 554 8734,5.0,(1),Closed today,
Botika ng Munisipyo Incorporated,Pharmacy,Manila,(02) 8531 5262,5.0,(1),,
Botika ng Bayan,Pharmacy,,0929 433 1951,4.0,(1),,
Adrian Botika,Pharmacy,Bacoor,(046) 417 9871,3.0,(4),Temporarily closed,Open until 10:00 pm
Botika Ng Bayan,Drug store,Parañaque,(02) 8703 1542,5.0,(1),,Open until 10:00 pm
Botika ng Bayan,Pharmacy,,0917 980 9626,1.0,(1),Open until 9:00 pm,
Black and White Botika ng Masa 3,Drug store,Jose Panganiban,0910 417 7674,5.0,(1),,Open until 8:00 pm
Reyjul Drug Store Botika Ng Bayan,Drug store,Muntinlupa,(02) 8664 1852,5.0,(1),,Open until 8:30 pm
Abot Kaya Botika,Pharmacy,Dasmariñas,0917 120 9399,3.0,(1),Open until 9:00 pm,
Botika Dela Paz,Pharmacy,Pasig,0908 225 4421,,,,Open until 7:00 pm
F J Botika,Pharmacy,Las Pinas,(02) 3381 2778,5.0,(1),,Closing soon: 5:00 pm
B&W Botika ng Masa,Drug store,"jose panganiban, camarines norte",0910 417 7674,5.0,(1),,Open until 8:00 pm
Botika ng Munisipyo Incorporated,Pharmacy,Makati,(02) 7976 4784,,,,Closing soon: 5:00 pm
Budget Botika,Drug store,"Purok 1 Bridge, 223 3",0921 387 6379,3.0,(1),,Open until 10:00 pm
Botika ng Bayan,Pharmacy,4006 Rizal St,(032) 268 9249,,,,Open until 6:15 pm
BOTIKA NG BARANGAY,Pharmacy,Bayabas St,(086) 826 8670,3.0,(1),Open until 12:00 am,
Budget Botika,Drug store,7 Saging,(082) 222 5565,,,,Open until 8:00 pm
Del Pilar Botika,Pharmacy,19 Mangga,0933 380 3024,5.0,(1),,Open until 7:00 pm
Botika De Nazareno Drugstore,Drug store,Purok 1 Poblacion,0947 720 6307,,,,Open until 10:00 pm
BOTIKA HYGEIA,Homeopathic pharmacy,353 VILLAREAL ST,(086) 826 8670,5.0,(1),Open until 12:00 am,
Botika ng Frisco,Pharmacy,56-B Tolentino,0916 554 8734,5.0,(1),Closed today,
Botika ng Munisipyo Incorporated,Pharmacy,"1833, Mayon Street",(02) 8531 5262,5.0,(1),,
Botika ng Bayan,Pharmacy,,0929 433 1951,4.0,(1),,
Adrian Botika,Pharmacy,"497, Molino Road, Barangay Molino 1",(046) 417 9871,3.0,(4),Temporarily closed,Open until 10:00 pm
Botika Ng Bayan,Drug store,"Uniwide Sales Inc, Dr Arcadio Santos Ave",(02) 8703 1542,5.0,(1),,Open until 10:00 pm
Botika ng Bayan,Pharmacy,,0917 980 9626,1.0,(1),Open until 9:00 pm,
Black and White Botika ng Masa 3,Drug store,"Jose Panganiban, 4606 Camarines Norte",0910 417 7674,5.0,(1),,Open until 8:00 pm
Reyjul Drug Store Botika Ng Bayan,Drug store,Manila S Rd,(02) 8664 1852,5.0,(1),,Open until 8:30 pm
Abot Kaya Botika,Pharmacy,Don Placido Campos Avenue,0917 120 9399,3.0,(1),Open until 9:00 pm,
Botika Dela Paz,Pharmacy,"140, 1600, F. Mariano Avenue, Dela Paz",0908 225 4421,,,,Open until 7:00 pm
F J Botika,Pharmacy,"Alabang - Zapote Road, Talon Uno",(02) 3381 2778,5.0,(1),,Closing soon: 5:00 pm
B&W Botika ng Masa,Drug store,"J. Defeo Street, Jose Panganiban, Camarines Norte",0910 417 7674,5.0,(1),,Open until 8:00 pm
Botika ng Munisipyo Incorporated,Pharmacy,"34th Floor RCBC Plaza Tower 2, RCBC Plaza, H.V. Dela Costa Street",(02) 7976 4784,,,,Closing soon: 5:00 pm
Marikina Elders Botika ng Bayan,Pharmacy,"589, J.P. Rizal Street, Concepcion Uno",(02) 8998 1257,3.0,(1),,Open until 10:00 pm
Botika ng Barangay/Santa Cruz Bay Laguna,Drug store,F.T. San Luis Avenue,(032) 268 9249,4.0,(1),Open until 6:15 pm,
Botika ng Barangay,Pharmacy,,(086) 826 8670,4.0,(1),Open until 12:00 am,
Mercedes Botika ng Barangay,Grocery store,Calle Real Mercedes,(082) 222 5565,4.3,(9),,Open until 7:00 pm
Botika Xpress,Pharmacy,685 Tandang Sora Ave,0933 380 3024,5.0,(1),Open until 7:00 pm,
Botika Ng Barangay,Pharmacy,"National Hihgway, Barangay Lumatil",0947 720 6307,5.0,(1),Open until 10:00 pm,
Botika Ng Barangay,Pharmacy,Carsadang Bago,(046) 450 5259,5.0,(1),,Open until 12:00 am
Botika ng Barangay,Pharmacy,,0916 554 8734,5.0,(1),,Closed today
AG'S Botika Ng Bayan,Drug store,,(02) 8531 5262,5.0,(1),,Open until 8:00 pm
Botika ng Bayan - Rizal,Pharmacy,"90, Bonifacio Avenue",(02) 8248 1773,4.0,(1),,
Botika ng Barangay,Pharmacy,"Corner Benjamin C. Ventilacion Street, Tiongson St",(046) 417 9871,3.0,(4),Open until 10:00 pm,Temporarily closed
Farmacia Ni Dok,Pharmacy,"Tagbilaran City Square, CPG Ave, Cor - B Inting And Ingels St",(038) 411 3379,5.0,(1),,Open until 10:00 pm
Botika ng HFP,Pharmacy,"MPC San Andres, 1742, Kalayaan Avenue, San Andres, Sta. Ana",(02) 8563 6917,1.0,(1),,Open until 9:00 pm
Botika Sofia & General Merchandise,Drug store,Damballelos St,0910 417 7674,3.0,(2),Open until 8:00 pm,
AG'S Botika Ng Bayan,Drug store,"Lot 39, Blk, 157 Felix Ave",0920 678 9022,5.0,(1),,Open until 8:00 pm
C.C.Hufano Botika,Pharmacy,1 Visayas Ext,(02) 8404 0738,3.0,(1),,Open until 9:00 pm
Botika ng Barangay,Pharmacy,"Corner Lukban Street, Atis St",0908 225 4421,,,Open until 7:00 pm,
Ang Botika ng Bayan- BNB Premiere Care Pharmacy,Pharmacy,680 Quirino Hwy,7996721,5.0,(1),,Closing soon: 5:00 pm
L and R Botika,Pharmacy,869 General Kalentong,(02) 3386 9160,5.0,(1),,Open until 8:00 pm
"Co-Ops For Christ, Botika Ng Bayan",Pharmacy,"297, Recto Avenue, Tondo",(02) 8242 3501,,,,Closing soon: 5:00 pm
Botika ng Bayan,Pharmacy,Tarlac City,(045) 628 6151,3.0,(1),,Open until 10:00 pm
Botika ng Barangay,Pharmacy,Taguig,0915 997 1480,4.0,(1),,Open until 6:15 pm
Botika Ng Barangay,Medical supply store,Cainta,(086) 826 8670,4.0,(1),Open until 12:00 am,
Coops for Christ - Botika ng Bayan,Pharmacy,Quezon City,(02) 7957 8978,4.3,(9),,Open until 7:00 pm
Botika Nya Drugstore & Gen. Merchandise,,Mandaluyong,0933 380 3024,5.0,(1),Open until 7:00 pm,
Coops for Christ Botika ng bayan,Pharmacy,Antipolo,0947 720 6307,5.0,(1),Open until 10:00 pm,
Botika NG Nayon,,Caloocan,(046) 450 5259,5.0,(1),Open until 10:00 pm,
"Co-Ops For Christ, Botika Ng Bayan",Pharmacy,Quezon City,(02) 3414 4429,5.0,(1),Closed today,
Dolique-Viray Botika,Drug store,,(02) 8531 5262,5.0,(1),,Open until 10:30 pm
Botica Rivera and General Merchandise,Trading company,Manila,(02) 8564 3280,4.0,(1),,
Farmacias La Botika,Drug store,"Maipú, Maipu",+56 2 3248 0976,3.0,(4),Temporarily closed,Open until 11:00 pm
Botika,4-star hotel,,+381 36 366800,4.3,(357),,Open until 10:00 pm
Elortza Botika,Pharmacy,Eibar,+34 943 20 61 00,5.0,(2),,Open until 10:00 pm