section-result-title,section-result-details,cards-rating-score,section-result-num-ratings,section-result-cost,section-result-location,section-result-description,section-result-info,e0HygkTYhQy__attribute-content,section-result-info 2
Cebu Fastfood,Fast Food,,,,,,,,
Triple V Express Fastfood,Fast Food,,,,,,,,
McDonald's,Fast Food,4.0,(57),₱,"E-Mall, Sanciangko St",Iconic fast-food burger & fries chain,Open until 8:00 pm,,
ESKINA Fastfood,Fast Food,,,,"Room 208, Rivergate Building, Mango Avenue",,,,
Bayadpo Delivery And Services,Fast Food,,,,"Corner Plaridel Street, Ac Cortes Avenue",,,,
Burger King,Fast Food,4.2,(713),₱₱,F. Cabahug St,Fast-food chain for grilled burgers,Open until 5:00 pm,,
Jollibee,Fast Food,3.6,(31),₱,"Level 1, Geonzon St, Salinas Dr",Fast-food chain with Filipino flavors,,Delivery,
Chrisdon Restaurant,Fast Food,4.5,(2),,155 F Villa St,,,,
JohnChrisTyl Fastfood,Restaurant,5.0,(1),,"6000, 69 F. Gonzales St",,Opens at 6:00 am,,Closed
"Remros Food, Inc.",Fast Food,,,,Cebu Business Park,,,,
Jollibee,Fast Food,4.0,(128),₱,A. Borromeo St,Fast-food chain with Filipino flavors,Open until 9:00 pm,Delivery,
M & J Fastfood,Takeout Restaurant,,,,Don Andres Soriano Avenue,,,Takeaway,
Ahbwu Fastfood,Restaurant,,,,15 Julio Diaz St,,,,
Bon Chon Chicken,Fast Food,4.1,(15),₱₱,"SM City Cebu, Cebu Port Center, uan Luna Ave.",Korean fried chicken specialist,Open until 9:00 pm,,
Norway Fastfood,Restaurant,,,,231 Tres de Abril St,,,,
Prito Kings,Fast Food,2.0,(1),,"Sacred Heart School, 1774 General Maxilom Avenue Extension",,,,
Chowking,Fast Food,4.0,(10),₱,"G/F Pacific Mall Mandaue, Estancia-Ibabaw, Mandaue City",,,,Temporarily closed
Aley's Fastfood,Takeout Restaurant,,,,F.F. Cruz St,,Open until 8:00 pm,Takeaway,
Sherly Ann Fastfood,Takeout Restaurant,2.5,(2),,Nacua Compound,,Open until 10:00 pm,Takeaway,
McDonald's,Fast Food,4.1,(314),₱,P. Burgos St,Iconic fast-food burger & fries chain,,Delivery,
Cebu Fastfood,Fast Food,,,,,,,,
Triple V Express Fastfood,Fast Food,,,,,,,,
McDonald's,Fast Food,4.0,(57),₱,"E-Mall, Sanciangko St",Iconic fast-food burger & fries chain,Open until 8:00 pm,,
ESKINA Fastfood,Fast Food,,,,"Room 208, Rivergate Building, Mango Avenue",,,,
Bayadpo Delivery And Services,Fast Food,,,,"Corner Plaridel Street, Ac Cortes Avenue",,,,
Burger King,Fast Food,4.2,(713),₱₱,F. Cabahug St,Fast-food chain for grilled burgers,Open until 5:00 pm,,
Jollibee,Fast Food,3.6,(31),₱,"Level 1, Geonzon St, Salinas Dr",Fast-food chain with Filipino flavors,,Delivery,
Chrisdon Restaurant,Fast Food,4.5,(2),,155 F Villa St,,,,
JohnChrisTyl Fastfood,Restaurant,5.0,(1),,"6000, 69 F. Gonzales St",,Opens at 6:00 am,,Closed
"Remros Food, Inc.",Fast Food,,,,Cebu Business Park,,,,
Jollibee,Fast Food,4.0,(128),₱,A. Borromeo St,Fast-food chain with Filipino flavors,Open until 9:00 pm,Delivery,
M & J Fastfood,Takeout Restaurant,,,,Don Andres Soriano Avenue,,,Takeaway,
Ahbwu Fastfood,Restaurant,,,,15 Julio Diaz St,,,,
Bon Chon Chicken,Fast Food,4.1,(15),₱₱,"SM City Cebu, Cebu Port Center, uan Luna Ave.",Korean fried chicken specialist,Open until 9:00 pm,,
Norway Fastfood,Restaurant,,,,231 Tres de Abril St,,,,
Prito Kings,Fast Food,2.0,(1),,"Sacred Heart School, 1774 General Maxilom Avenue Extension",,,,
Chowking,Fast Food,4.0,(10),₱,"G/F Pacific Mall Mandaue, Estancia-Ibabaw, Mandaue City",,,,Temporarily closed
Aley's Fastfood,Takeout Restaurant,,,,F.F. Cruz St,,Open until 8:00 pm,Takeaway,
Sherly Ann Fastfood,Takeout Restaurant,2.5,(2),,Nacua Compound,,Open until 10:00 pm,Takeaway,
McDonald's,Fast Food,4.1,(314),₱,P. Burgos St,Iconic fast-food burger & fries chain,,Delivery,
DG's Fastfood,Filipino,4.3,(3),,Sanciangko St,,Open until 11:30 pm,,
Arlene's Fastfood,Restaurant,,,,Imus Ave,,,,
Noelle Marie's Restaurant,Fast Food,4.0,(57),,"79, Don Gil Garcia Street, Capitol Site",Iconic fast-food burger & fries chain,Open until 8:00 pm,,
McDonald's,Fast Food,4.1,(215),₱,Colon St,Iconic fast-food burger & fries chain,,Delivery,
McDonald's,Fast Food,4.3,(46),₱,Basak-Marigondon Rd,Iconic fast-food burger & fries chain,,,
Zhar Fastfood And Catering Services,Restaurant,4.2,(713),,V Rama Ave,Fast-food chain for grilled burgers,Open until 5:00 pm,,
McDonald's,Fast Food,3.9,(418),₱,"The Walk, Abad St",Iconic fast-food burger & fries chain,,Delivery,
Burger King,Fast Food,4.1,(61),₱₱,"Cebu SM Seaside, Lower Ground Floor, SM Seaside City Cebu, South Coastal Road corner Mambaling Extension, South Road Properties",Fast-food chain for grilled burgers,,,
McDonald's,Fast Food,3.7,(202),₱,"Cebu IT Tower, 1,Arch, G/F Archbishop Reyes Ave",Iconic fast-food burger & fries chain,Opens at 6:00 am,Delivery · Takeaway,Closed
McDonald's,Fast Food,4.1,(186),₱,V.Albano,Iconic fast-food burger & fries chain,,Delivery,
McDonald's,Fast Food,4.0,(576),₱,"Hi-Way, M.L. Quezon National Highway",Iconic fast-food burger & fries chain,Open until 9:00 pm,Delivery,
Chowking,Fast Food,4.2,(80),₱,"Ground Floor, Elizabeth Mall, Leon Kilat St cor. South SuperHighway",,,Takeaway,Temporarily closed
Shevan Fast Food,Fast Food,4.5,(2),,122 Junquera Ext,,Open until 10:00 pm,,
McDonald's,Fast Food,3.8,(253),₱,"Aegis Tower, G/F, I. Villa St",Iconic fast-food burger & fries chain,Open until 9:00 pm,Delivery · Takeaway,
McDonald's,Fast Food,4.1,(561),₱,"NH1, National Hwy",Iconic fast-food burger & fries chain,,Delivery · Takeaway,
McDonald's,Fast Food,4.0,(277),₱,"JY Square Mall, G/F, 1 Salinas Dr",Iconic fast-food burger & fries chain,,Delivery · Takeaway,
Jollibee,Fast Food,4.2,(362),₱,"Pueblo Verde, Mepz 2",Fast-food chain with Filipino flavors,,Delivery,Temporarily closed
Burger King,Fast Food,4.1,(395),,"Vibo Place, Cebu Escario, Axis Entertainment Avenue, N Escario St",Fast-food chain for grilled burgers,Open until 5:00 pm,Takeaway,
Chowking,Fast Food,4.0,(41),₱,"Colon Development Bldg. Osmeña cor. Zamora, Cebu City",,Open until 10:00 pm,Takeaway,Temporarily closed
Jollibee,Fast Food,4.2,(11),₱,Santo Niño St,Fast-food chain with Filipino flavors,Open until 9:00 pm,Delivery,
Chowking,Fast Food,3.4,(92),₱,"solara, G/F, General Maxilom Ave",Quick stop for familiar Chinese fare,Open until 6:00 pm,Delivery,
Jollibee,Fast Food,3.8,(210),₱,"L1, SKYRISE Beta, Samar Loop",Fast-food chain with Filipino flavors,Open until 7:30 pm,Delivery,
Chowking,Fast Food,3.2,(6),₱,3F,Fast-food chain with Filipino flavors,Open until 11:00 pm,Delivery · Takeaway,Temporarily closed
Jollibee,Fast Food,3.8,(192),₱,Island Central Mall,Fast-food chain with Filipino flavors,,Delivery,
Jollibee,Fast Food,4.1,(151),₱,Ouano Avenue,Fast-food chain with Filipino flavors,Open until 10:00 pm,Delivery,
Jollibee P. Del Rosario (USC),Fast Food,4.2,(583),₱,"P. Del Rosario St., corner Pelaez, R. Landon Ext",Fast-food chain with Filipino flavors,Open until 9:00 pm,Delivery,
Jollibee,Fast Food,4.0,(151),₱,"Grand Mall, Basak-Sisi-Agus Rd",Fast-food chain with Filipino flavors,Open until 9:00 pm,Delivery,
Jollibee,Fast Food,4.4,(157),₱,"E-Mall, N. Bacalso Ave Leon Kilat St",Fast-food chain with Filipino flavors,Open until 8:00 pm,Delivery,
Jollibee,Fast Food,4.2,(148),₱,"Gaisano Fiesta Mall, South National Highway",Fast-food chain with Filipino flavors,Open until 8:00 pm,Delivery · Takeaway,Closed
Jollibee SM L3,Fast Food,4.1,(178),₱,"114 Third Level, SM City North Reclamation Area, Juan Luna Extension, Kaohsiung St",Fast-food chain with Filipino flavors,Open until 9:00 pm,Delivery,
Jollibee,Fast Food,4.0,(471),₱,M.L. Quezon National Highway,Fast-food chain with Filipino flavors,Open until 11:00 pm,Delivery,
Jollibee,Fast Food,4.2,(433),₱,"Park Mall, Ouano Avenue",Fast-food chain with Filipino flavors,,Delivery · Takeaway,Temporarily closed
McDonald's,Fast Food,4.0,(295),₱,"Gaisano Fiesta Mall, Cebu S Rd",Iconic fast-food burger & fries chain,Open until 11:30 pm,Delivery · Takeaway,
Jollibee,Fast Food,4.2,(165),₱,Ouano Avenue,Fast-food chain with Filipino flavors,Open until 9:00 pm,Delivery,Temporarily closed
Jollibee,Fast Food,4.0,(45),₱,Gen. Maxilom Ext,Fast-food chain with Filipino flavors,Open until 9:00 pm,Delivery,
Lotching's Chinese Ngohiong,Fast Food,4.5,(11),,Tojong St,Fast-food chain with Filipino flavors,Open until 7:30 pm,Delivery · Takeaway,
Chowking,Fast Food,3.9,(234),₱,"Chatswood Residences, A. S. Fortuna St",Fast-food chain with Filipino flavors,Open until 7:00 pm,Delivery,Temporarily closed
Chowking,Fast Food,3.7,(248),₱,V Rama Ave,Quick stop for familiar Chinese fare,Open until 6:00 pm,Takeaway,Closed
Jollibee,Fast Food,4.2,(659),₱,"National Highway, A. S. Fortuna St",Fast-food chain with Filipino flavors,Open until 10:00 pm,Delivery,Temporarily closed
Jollibee A.S. Fortuna,Fast Food,4.2,(204),₱,A. S. Fortuna St,Fast-food chain with Filipino flavors,Open until 9:00 pm,Delivery,
Sinangag Station,Fast Food,4.0,(104),,N Escario St,Quick stop for familiar Chinese fare,Open until 6:00 pm,Delivery,
Orange Brutus,Fast Food,3.4,(5),,Osmeña Blvd,Fast-food chain with Filipino flavors,Open until 10:00 pm,Delivery,
Orange Brutus,Fast Food,2.2,(6),,"12, One Pavilion Mall, 22 R. Duterte St, Banawe",Fast-food chain with Filipino flavors,Open until 8:30 pm,Delivery · Takeaway,Temporarily closed
Jollibee,Fast Food,4.1,(200),₱,"Super Metro, Natalio B. Bacalso Ave",Fast-food chain with Filipino flavors,,Delivery · Takeaway,
Orange Brutus,Fast Food,3.8,(50),,3 Jose Maria del Mar St Cebu City 6000 Jose Maria del Mar St,Fast-food chain with Filipino flavors,Open until 10:00 pm,Delivery,
Jollibee,Fast Food,4.0,(799),₱,19 Gorordo Ave,Fast-food chain with Filipino flavors,Open until 9:00 pm,Takeaway,
Jollibee,Fast Food,4.2,(257),₱,,Fast-food chain with Filipino flavors,Open until 9:00 pm,Delivery,
Jollibee,Fast Food,3.7,(27),₱,"138 Mall, Ground Floor, Colon St",Fast-food chain with Filipino flavors,Open until 9:00 pm,Delivery,
Silogan ni Gian,Fast Food,4.0,(193),,Junquera St,Fast-food chain with Filipino flavors,Open until 8:00 pm,Delivery · Takeaway,Closed
Jollibee,Fast Food,4.1,(160),₱,A. Del Rosario St,Fast-food chain with Filipino flavors,Open until 9:00 pm,Delivery,
Jollibee,Fast Food,3.8,(111),₱,"i2 Bldg, Jose Maria del Mar St",Fast-food chain with Filipino flavors,Open until 11:00 pm,Delivery,
Jollibee,Fast Food,4.1,(181),₱,M. Logarta Ave,Fast-food chain with Filipino flavors,,Delivery,Temporarily closed
Andok's,Fast Food,3.9,(37),₱,Juan Luna Ave Corner Mj Cuenco Ave,Iconic fast-food burger & fries chain,Open until 11:30 pm,Delivery · Takeaway,
Orange Brutus,Fast Food,4.0,(6),,2 Archbishop Reyes Ave,Fast-food chain with Filipino flavors,Open until 10:00 pm,Delivery,Temporarily closed
Mang Inasal,Fast Food,4.1,(141),₱,"Bakilid Ground Floor, J Centre Mall, 165 AS Fortuna Street, Bakilid, Mandaue City, Cebu, Philippines, A. S. Fortuna St",Fast-food chain with Filipino flavors,Open until 9:00 pm,Delivery,
McDonald's,Fast Food,4.1,(276),₱,Natalio B. Bacalso S National Hwy,Iconic fast-food burger & fries chain,Open until 11:30 pm,Delivery · Takeaway,
Jollibee,Fast Food,4.2,(170),₱,"Radaza Bldg, S. Osmeña Street",Fast-food chain with Filipino flavors,Open until 7:00 pm,Delivery,Temporarily closed
Mang Inasal,Fast Food,3.7,(294),₱,2 General Maxilom Ave,Quick stop for familiar Chinese fare,Open until 6:00 pm,Takeaway,Closed
Mang Inasal,Fast Food,4.4,(10),,"Grandmall Basak, Maximo V. Patalinghug Jr. Avenue",Fast-food chain with Filipino flavors,Open until 10:00 pm,Delivery,Temporarily closed
Orange Brutus,Fast Food,3.7,(29),,,Fast-food chain with Filipino flavors,Open until 9:00 pm,Delivery,
Cebu's Original Lechon Belly,Fast Food,4.2,(117),,"The Maxwell Hotel, N Escario St",Quick stop for familiar Chinese fare,Open until 10:00 pm,Delivery · Takeaway,
Jollibee Escario DT,Fast Food,4.3,(200),₱,N Escario St,Fast-food chain with Filipino flavors,Open until 10:00 pm,Delivery,
Jollibee Gorordo,Fast Food,4.1,(227),₱,"Gorordo corner, General Maxilom Ave",Fast-food chain with Filipino flavors,Open until 8:30 pm,Delivery,Temporarily closed
Jollibee - Basak Mactan,Fast Food,4.1,(493),₱,Basak,Fast-food chain with Filipino flavors,Open until 9:00 pm,Delivery,
Cebu's Original Lechon Belly,Fast Food,4.0,(78),,Park Mall Ouano Avenue,Fast-food chain with Filipino flavors,Open until 11:30 pm,Delivery · Takeaway,
Jollibee,Fast Food,4.2,(411),₱,"Dial #87000, JL & Sons Building, 905, 6000 Francisco Llamas St",Fast-food chain with Filipino flavors,Open until 11:00 pm,Delivery · Takeaway,
Chowking,Fast Food,2.8,(10),,G/F Gaisano Country Mall,Quick stop for familiar Chinese fare,Open until 10:00 pm,Delivery,
Chowking,Fast Food,3.9,(215),₱,,Fast-food chain with Filipino flavors,Open until 9:00 pm,Delivery,
Mang Inasal,Fast Food,3.5,(56),₱,"Osmeña Blvd, corner F. Gonzales St",Fast-food chain with Filipino flavors,Open until 8:00 pm,Delivery · Takeaway,Closed
Mang Inasal,Fast Food,3.9,(15),₱,Gaisano Grand Mactan Corner Basak Agus Rd Lapu-lapu City,Fast-food chain with Filipino flavors,Open until 9:00 pm,Delivery,
Chowking,Fast Food,3.7,(7),₱,"Grandmall Basak, Maximo V. Patalinghug Jr. Avenue",Quick stop for familiar Chinese fare,Open until 11:00 pm,Delivery,
Chowking,Fast Food,3.7,(30),₱,"G/F Gaisano Mall, Tabunok, Talisay, Cebu City",Quick stop for familiar Chinese fare,Open until 7:00 pm,Delivery,Temporarily closed
Army Navy Burger + Burrito,Fast Food,4.2,(174),₱₱,"Metro, W Geonzon St",Iconic fast-food burger & fries chain,Open until 11:30 pm,Delivery · Takeaway,
KFC,Fast Food,3.8,(36),,"Upper Ground Floor, SM City Juan Luna Ave. Cor. Kaoshiung St, 6000 F. Cabahug St",Fast-food fried chicken chain,Open until 9:00 pm,Delivery,Temporarily closed
Jollibee Robinsons Cybergate,Fast Food,4.2,(40),₱,"Robinsons Cybergate, 1st Floor, Don Gil Garcia St",Fast-food chain with Filipino flavors,Open until 9:00 pm,Delivery,
McDonald's,Fast Food,4.1,(534),₱,Cebu N Rd,Iconic fast-food burger & fries chain,Open until 11:30 pm,Delivery · Takeaway,
Jollibee Bulacao,Fast Food,4.1,(565),₱,Cebu S Rd,Fast-food chain with Filipino flavors,Open until 7:00 pm,Delivery · Takeaway,Temporarily closed
Jollibee Guadalupe,Fast Food,4.1,(688),₱,R. Duterte St,Fast-food chain with Filipino flavors,Open until 6:00 pm,Takeaway,Closed
Andok's,Fast Food,3.8,(130),₱,Gov. M. Cuenco Ave,Fast-food chain with Filipino flavors,Open until 11:00 pm,Delivery,Temporarily closed
Hugot Fastfood,Diner,3.7,(29),,259 Tres de Abril St,Fast-food chain with Filipino flavors,Open until 9:00 pm,Delivery,
MyJoy,Fast Food,3.8,(28),,10 Apitong St,Quick stop for familiar Chinese fare,Open until 10:00 pm,Delivery · Takeaway,
Jollibee,Fast Food,4.1,(277),₱,"President Osmeña Blvd, Corner Arlington Pond St",Fast-food chain with Filipino flavors,Open until 10:00 pm,Delivery · Takeaway,
Andok's,Fast Food,3.5,(6),₱,,Fast-food chain with Filipino flavors,Open until 8:30 pm,Delivery,Temporarily closed
Jollibee,Fast Food,4.1,(119),₱,"ayala center cebu, 3rd Floor, Paseo Verde, Archbishop Reyes Ave",Fast-food chain with Filipino flavors,Open until 10:00 pm,Delivery,
BonChon,Fast Food,2.5,(4),₱₱,"Mactan Cebu International Airport Terminal, 2",Korean fried chicken specialist,Open until 11:30 pm,Delivery · Takeaway,
Burger King,Fast Food,4.0,(1),,"Northdrive, Ouano Avenue",Fast-food chain with Filipino flavors,Open until 11:00 pm,Delivery · Takeaway,Temporarily closed
Sr. Pedro,Fast Food,5.0,(4),,Hernan Cortes St,Quick stop for familiar Chinese fare,Open until 9:00 pm,Delivery,
KFC Fuente Osmeña,Fast Food,3.8,(336),₱,"Doña Luisa Building, G/F, Fuente Osmeña Cir",Fast-food fried chicken chain,Open until 9:00 pm,Delivery,
Jollibee,Fast Food,3.6,(22),₱,"2nd Gaisano Country Mall, Gov. M. Cuenco Ave",Fast-food chain with Filipino flavors,Open until 9:00 pm,Delivery,Closed
Andoks,Fast Food,4.0,(86),,"Mabolo, M. J. Cuenco Avenue, 6000, Cebu City, Cebu",Fast-food chain with Filipino flavors,Open until 9:00 pm,Delivery,
KFC,Fast Food,4.3,(3),₱,SM,Quick stop for familiar Chinese fare,Open until 9:00 pm,Delivery,
Jollibee,Fast Food,4.1,(300),₱,Cebu N Rd,Fast-food chain with Filipino flavors,Open until 7:00 pm,Delivery · Takeaway,Temporarily closed
Tokyo Tokyo,Japanese,3.3,(8),₱₱,"SM Seaside, F Vestil St Cor SRP",Iconic fast-food burger & fries chain,Open until 9:00 pm,Delivery · Takeaway,
Mang Inasal,Fast Food,2.7,(13),₱,G/F Gaisano Fiesta Mall Tabunok 6045,Fast-food fried chicken chain,Open until 8:00 pm,Delivery,Temporarily closed
Okinawa Heat - SM Foodcourt,Fast Food,5.0,(2),,SM City Cebu,Fast-food chain with Filipino flavors,Open until 9:00 pm,Delivery,
Ngohiong Express,Takeout Restaurant,3.8,(22),,Francisco Llamas St,Iconic fast-food burger & fries chain,Open until 11:30 pm,Takeaway,
Andok's,Fast Food,3.6,(41),₱,,Fast-food chain with Filipino flavors,Open until 7:00 pm,Delivery · Takeaway,Temporarily closed
MyJoy SM Seaside,Fast Food,4.5,(2),,,Fast-food chain with Filipino flavors,Open until 10:00 pm,Takeaway,Closed
KFC Mandaue,Fast Food,4.0,(421),₱,"RAMCAR Building, M. C. Briones Avenue, Maguikay Mandaue",Fast-food fried chicken chain,Open until 11:00 pm,Delivery,Temporarily closed
Abeth's Fastfood,Fast Food,3.0,(2),,,Fast-food chain with Filipino flavors,Open until 5:00 pm,Delivery,
Kenny Rogers Roasters,Chicken,3.9,(72),₱₱,"SM City Cebu, Upper Ground",Quick stop for familiar Chinese fare,Open until 9:00 pm,Delivery · Takeaway,
Rustic Chef's,Restaurant,4.2,(108),₱,Maximo V. Patalinghug Jr. Avenue,Fast-food fried chicken chain,Open until 9:00 pm,Delivery,
Maxs Restaurant,Filipino,4.0,(33),₱₱,"3rd Level SM City corner Cabahug and Kaoshiung Streets, Mabolo, 6000, Juan Luna Extension",Chain eatery for Filipino fried chicken,Open until 9:00 pm,Delivery,Temporarily closed
Kuzina Guadalupe,Restaurant,3.8,(27),,M. Velez St,Fast-food chain with Filipino flavors,Open until 8:00 pm,Delivery,
Max's Restaurant BTC,Restaurant,3.9,(89),₱₱,"GCA Building, 13 Gov. M. Cuenco Ave",Chain eatery for Filipino fried chicken,Open until 10:00 pm,Delivery · Takeaway,
Jollibee,Fast Food,4.3,(211),₱,C Central Nautical Hwy,Fast-food chain with Filipino flavors,Open until 10:00 pm,Delivery,Temporarily closed
Persian Palate,Persian,4.1,(271),₱₱,"Active Zone, Ayala Center Cebu, Archbishop Reyes Ave",Quick stop for familiar Chinese fare,Open until 9:00 pm,Delivery,Temporarily closed
BonChon,Restaurant,2.9,(9),₱₱,SM Seaside City,Korean fried chicken specialist,Open until 8:00 pm,Delivery,
Classic Savory,Restaurant,3.6,(5),₱₱,SM,Fast-food chain with Filipino flavors,Open until 9:00 pm,Delivery,Closed
Braddex,Restaurant,4.2,(282),₱,Katipunan St,Fast-food chain with Filipino flavors,Open until 9:00 pm,Delivery,
Jollibee,Fast Food,4.1,(265),₱,,Fast-food chain with Filipino flavors,Open until 9:00 pm,Delivery,
Classic Savory,Takeout Restaurant,4.1,(9),₱₱,"SM Seaside, F Vestil St Cor SRP",Fast-food chain with Filipino flavors,Open until 9:00 pm,Takeaway,Temporarily closed
Patty Pie,Restaurant,3.9,(47),,Cebu South Coastal Rd,Iconic fast-food burger & fries chain,Open until 9:00 pm,Takeaway,
Sinangag Station,Restaurant,4.3,(77),,R. Landon St,Fast-food fried chicken chain,Open until 9:00 pm,Delivery,Temporarily closed
Barikata Ramen Bar,Ramen,4.2,(152),,"G/F Calyx Building West Geonzon Street IT park Lungsod ng Cebu PH, W Geonzon St",Fast-food chain with Filipino flavors,Open until 10:30 pm,Delivery,
Ngohiong Express,Restaurant,4.1,(175),,"Ayala access road (axis), Mactan St",Iconic fast-food burger & fries chain,Open until 1:00 am,Takeaway,
Special Ngohiong Express,Takeout Restaurant,5.0,(1),,85 Osmeña Blvd,Korean fried chicken specialist,Open until 10:30 pm,Takeaway,Temporarily closed
Rai Rai Ken,Japanese,3.7,(58),,,Fast-food chain with Filipino flavors,Open until 10:00 pm,Takeaway,Closed
Classic Savory,Restaurant,4.2,(6),,"Space 2107, 2F SM City Cebu, North Reclamation Area, Cebu City",Fast-food fried chicken chain,Open until 9:00 pm,Delivery,Temporarily closed
Doming's Ngohiong,Chinese,3.9,(105),,"Door #1 G/F Pacific Tourist Inn M. Gotianuy Bldg., V. Gullas St., 6000, Balintawak",Iconic fast-food burger & fries chain,Open until 7:00 pm,Delivery,
My Joy,Restaurant,4.2,(133),,Osmeña Blvd,Quick stop for familiar Chinese fare,Open until 8:00 pm,Delivery,
Conching Native Chicken,Restaurant,3.8,(184),₱₱,Juan Luna St. North Reclamation Area,Fast-food fried chicken chain,Open until 9:00 pm,Delivery,
Ribshack,Restaurant,4.1,(124),,"SM City Cebu Juan Luna Ave. Corner Cabahug And, Kaohsiung St",Chain eatery for Filipino fried chicken,Open until 9:00 pm,Delivery,Temporarily closed
Bigby's Cafe & Restaurant - SM Seaside,Restaurant,4.0,(8),,"Lower Ground Floor, Mountain Wing SM Seaside City",Fast-food chain with Filipino flavors,Open until 9:00 pm,Delivery,
Sinangag Station,Takeout Restaurant,3.6,(109),,2 Gorordo Ave,Chain eatery for Filipino fried chicken,Open until 10:00 pm,Takeaway,
Papsy's BBQ,Restaurant,3.6,(5),,"Grand Gaisano Minglanilla Dept Store, Natalio B. Bacalso S National Hwy",Fast-food chain with Filipino flavors,Open until 10:00 pm,Delivery,Temporarily closed
"Merzci Guihulngan-Bakeshop, Fastfood and Pasalubong",Bakery,4.3,(3),₱,Paterno St,Quick stop for familiar Chinese fare,Open until 8:30 pm,Delivery,Closed
"Merzci Escalante - Bakeshop, Pasalubong and Fastfood",Bakery,4.0,(2),₱,Gamao St,Korean fried chicken specialist,Open until 8:00 pm,Delivery,
Quality Fast Food Center,Fast Food,4.4,(57),,"State Highway 11, PC Bose Ln",Fast-food chain with Filipino flavors,Opens at 1:30 pm,Delivery,Closed
The Number One FastFood,Fast Food,4.0,(267),,5425 Sheldon Rd,Fast-food chain with Filipino flavors,Opens at 5:00 pm,Takeaway,Closed
M.R.B,Fast Food,4.2,(250),,"Hatigaon Main Rd, Opposite Little Flower School, beside Silentro, Restaurant",Fast-food chain with Filipino flavors,Open until 9:00 pm,Delivery · Takeaway,Closed today
LEON,Fast Food,4.2,(287),,33 Eastcastle St,Counter-serve Mediterranean restaurant,Open until 8:00 pm,Takeaway,Temporarily closed
Friends Fast Food,Fast Food,4.1,(35),,Kirba Chowk,Iconic fast-food burger & fries chain,Opens at 5:00 pm,Takeaway,Closed
Chick-fil-A,Fast Food,4.4,"(4,243)",₱,785 116th Ave NE,Fast-food chain for chicken sandwiches,Opens at 6:00 am,Delivery,Closed
Del Taco,Fast Food,4.1,(981),₱,103 E 3rd St,Fast-food chain for Mexican classics,Open until 9:00 pm,Delivery · Takeaway,
Del Taco,Fast Food,4.1,"(1,014)",₱,2330 S Harbor Blvd,Fast-food chain for Mexican classics,Open until 10:00 pm,Delivery · Takeaway,
Del Taco,Fast Food,3.7,(757),₱,3020 Los Feliz Blvd,Fast-food chain for Mexican classics,Opens at 6:00 am,Delivery,Closed
Burger King,Fast Food,3.9,"(2,095)",₱,53-54 O'Connell Street Lower,Fast-food chain for grilled burgers,Open until 5:00 pm,Delivery · Takeaway,Closed
Dick's Drive-In,Fast Food,4.5,"(6,038)",₱,115 Broadway E,Celebrated 1950s fast-food joint,Open until 2:00 am,Takeaway,Temporarily closed
ATF Fast Food,Fast Food,3.7,(94),,Koohestan Blvd,Fast-food chain with Filipino flavors,Open until 11:59 pm,Delivery,
Cebu Fastfood,Fast Food,4.0,(18),,,Quick stop for familiar Chinese fare,Opens at 12:00 am,Delivery,Closed
Triple V Express Fastfood,Fast Food,3.9,(265),,,Iconic fast-food burger & fries chain,Open until 9:00 pm,Delivery,
McDonald's,Fast Food,4.0,(57),₱,Cebu City,Iconic fast-food burger & fries chain,Open until 8:00 pm,Delivery,Temporarily closed
Abeth's Fastfood,Fast Food,3.0,(2),,,Fast-food chain with Filipino flavors,Open until 5:00 pm,Delivery,
ESKINA Fastfood,Fast Food,3.6,(109),,Cebu City,Fast-food chain with Filipino flavors,Open until 10:00 pm,Takeaway,
Orange Brutus,Fast Food,2.2,(6),,Cebu City,Fast-food chain with Filipino flavors,Open until 8:30 pm,Delivery,Temporarily closed
Burger King,Fast Food,4.2,(713),₱₱,Cebu City,Fast-food chain for grilled burgers,Open until 5:00 pm,Delivery,Closed
Jollibee,Fast Food,3.6,(31),₱,Cebu City,Fast-food chain with Filipino flavors,Open until 8:00 pm,Delivery,
Chrisdon Restaurant,Fast Food,4.5,(2),,Cebu City,Fast-food chain with Filipino flavors,Opens at 1:30 pm,Delivery,Closed
Orange Brutus,Fast Food,4.0,(6),,Cebu City,Fast-food chain with Filipino flavors,Open until 10:00 pm,Takeaway,Closed
JohnChrisTyl Fastfood,Restaurant,5.0,(1),,Cebu City,Fast-food chain with Filipino flavors,Opens at 6:00 am,Delivery · Takeaway,Closed
"Remros Food, Inc.",Fast Food,4.2,(287),,Mandaue City,Counter-serve Mediterranean restaurant,Open until 8:00 pm,Takeaway,Temporarily closed
Jollibee,Fast Food,4.0,(128),₱,Cebu City,Fast-food chain with Filipino flavors,Open until 9:00 pm,Delivery,Closed
M & J Fastfood,Takeout Restaurant,4.4,"(4,243)",,Mandaue City,Fast-food chain for chicken sandwiches,Opens at 6:00 am,Takeaway,Closed
Ahbwu Fastfood,Restaurant,4.1,(981),,Cebu City,Fast-food chain for Mexican classics,Open until 9:00 pm,Delivery · Takeaway,
Bon Chon Chicken,Fast Food,4.1,(15),₱₱,"Mabolo, Cebu City",Korean fried chicken specialist,Open until 9:00 pm,Delivery · Takeaway,
Norway Fastfood,Restaurant,3.7,(757),,Cebu City,Fast-food chain for Mexican classics,Opens at 6:00 am,Delivery,Closed
Chowking,Fast Food,3.9,(21),₱,Cebu City,Fast-food chain for grilled burgers,Open until 5:00 pm,Delivery · Takeaway,Temporarily closed
Cozy Corner Fastfood Inn,Fast Food,3.9,(12),,Guihulngan City,Celebrated 1950s fast-food joint,Open until 7:30 pm,Takeaway,Temporarily closed
Prito Kings,Fast Food,2.0,(1),,Cebu City,Fast-food chain with Filipino flavors,Open until 11:59 pm,Delivery,
Cebu Fastfood,Fast Food,4.0,(18),,,Quick stop for familiar Chinese fare,Opens at 12:00 am,Delivery,Closed
Triple V Express Fastfood,Fast Food,3.9,(265),,,Iconic fast-food burger & fries chain,Open until 9:00 pm,Delivery,
McDonald's,Fast Food,4.0,(57),₱,Cebu City,Iconic fast-food burger & fries chain,Open until 8:00 pm,Delivery,Temporarily closed
"Mary's Food formerly known as ""Kam n' Kat Fastfood""",Filipino,3.0,(2),,Sanciangko St,Fast-food chain with Filipino flavors,Open until 8:00 pm,Takeaway,
McDonald's,Fast Food,4.1,(215),₱,Colon St,Iconic fast-food burger & fries chain,Open until 10:00 pm,Delivery,
Zhar Fastfood And Catering Services,Restaurant,2.2,(6),,V Rama Ave,Fast-food chain with Filipino flavors,Open until 8:30 pm,Delivery,Temporarily closed
McDonald's,Fast Food,4.1,(534),₱,Cebu N Rd,Iconic fast-food burger & fries chain,Open until 5:00 pm,Delivery · Takeaway,Closed
McDonald's,Fast Food,3.9,(418),₱,"The Walk, Abad St",Iconic fast-food burger & fries chain,Open until 8:00 pm,Delivery,
Burger King,Fast Food,4.1,(61),₱₱,"Cebu SM Seaside, Lower Ground Floor, SM Seaside City Cebu, South Coastal Road corner Mambaling Extension, South Road Properties",Fast-food chain for grilled burgers,Opens at 1:30 pm,Delivery,Closed
McDonald's,Fast Food,3.7,(202),₱,"Cebu IT Tower, 1,Arch, G/F Archbishop Reyes Ave",Iconic fast-food burger & fries chain,Open until 10:00 pm,Delivery · Takeaway,Closed
McDonald's,Fast Food,4.1,(186),₱,V.Albano,Iconic fast-food burger & fries chain,Opens at 6:00 am,Delivery,Closed
"Merzci Murcia 2 - Bakeshop, Fastfood and Pasalubong",Fast Food,4.2,(287),,Dinsay St,Counter-serve Mediterranean restaurant,Open until 8:00 pm,Takeaway,Temporarily closed
McDonald's,Fast Food,4.0,(576),₱,"Hi-Way, M.L. Quezon National Highway",Iconic fast-food burger & fries chain,Open until 9:00 pm,Delivery,Closed
Shevan Fast Food,Fast Food,4.5,(2),,122 Junquera Ext,Fast-food chain for chicken sandwiches,Open until 10:00 pm,Takeaway,Closed
McDonald's,Fast Food,3.8,(253),₱,"Aegis Tower, G/F, I. Villa St",Iconic fast-food burger & fries chain,Open until 9:00 pm,Delivery · Takeaway,
McDonald's,Fast Food,4.1,(561),₱,"NH1, National Hwy",Iconic fast-food burger & fries chain,Open until 9:00 pm,Delivery · Takeaway,
McDonald's,Fast Food,4.0,(277),₱,"JY Square Mall, G/F, 1 Salinas Dr",Iconic fast-food burger & fries chain,Opens at 6:00 am,Delivery · Takeaway,Closed
Burger King,Fast Food,4.1,(395),,"Vibo Place, Cebu Escario, Axis Entertainment Avenue, N Escario St",Fast-food chain for grilled burgers,Open until 5:00 pm,Delivery · Takeaway,Temporarily closed
Chowking,Fast Food,4.0,(41),₱,"Colon Development Bldg. Osmeña cor. Zamora, Cebu City",Celebrated 1950s fast-food joint,Open until 7:30 pm,Takeaway,Temporarily closed
Jollibee,Fast Food,4.2,(11),₱,Santo Niño St,Fast-food chain with Filipino flavors,Open until 9:00 pm,Delivery,
Lola Inda Fast Food,Fast Food,1.0,(1),,F. Ramos St,Quick stop for familiar Chinese fare,Open until 7:30 pm,Delivery,Temporarily closed
Jollibee,Fast Food,4.2,(429),₱,,Fast-food chain with Filipino flavors,Open until 11:00 pm,Delivery · Takeaway,
McDonald's,Fast Food,4.1,(477),₱,N Escario St,Iconic fast-food burger & fries chain,Open until 11:30 pm,Delivery · Takeaway,Temporarily closed
Jollibee,Fast Food,4.2,(143),₱,General Maxilom Ave,Fast-food chain with Filipino flavors,Open until 12:00 am,Delivery,
Nonie & Villa's fastfood & catering services,Restaurant,5.0,(2),,Anda Provincial Rd,Iconic fast-food burger & fries chain,Open until 10:00 pm,Delivery,
McDonald's,Fast Food,3.8,(403),₱,National Hwy,Iconic fast-food burger & fries chain,Open until 9:00 pm,Delivery,Temporarily closed
Jollibee,Fast Food,4.2,(361),₱,Cebu S Rd,Fast-food chain with Filipino flavors,Open until 5:00 pm,Takeaway,Closed
McDonald's,Fast Food,4.1,(360),₱,"Mambaling, Cebu S Rd",Iconic fast-food burger & fries chain,Open until 8:00 pm,Delivery · Takeaway,
Jollibee,Fast Food,4.1,(599),₱,"East Plaza Arcade, N. B Natalio B. Bacalso S National Hwy",Fast-food chain with Filipino flavors,Opens at 1:30 pm,Delivery,Closed
Kanadara Restaurant,Fast Food,3.7,(202),,F Ramos Street,Iconic fast-food burger & fries chain,Open until 10:00 pm,Delivery · Takeaway,Closed
Orange Brutus,Fast Food,4.0,(5),,"Ground Floor, Elizabeth Mall Leon, Kilat Street",Iconic fast-food burger & fries chain,Open until 8:00 pm,Delivery,Closed
KFC,Fast Food,4.2,(95),₱,"17-C Barba Press Bldg., Jones Ave., Cebu City, Cebu",Fast-food fried chicken chain,Open until 10:00 pm,Delivery,Temporarily closed
Jollibee,Fast Food,4.2,(84),₱,,Iconic fast-food burger & fries chain,Open until 9:00 pm,Delivery,Closed
Chowking,Fast Food,3.2,(13),₱,"G/F Gaisano Grand Mall of Mactan, Basak corner Agus Road, Lapu Lapu City Cebu",Fast-food chain for chicken sandwiches,Open until 7:00 pm,Takeaway,Closed
Jollibee,Fast Food,3.6,(53),₱,Aéroport international de Mactan-Cebu,Fast-food chain with Filipino flavors,Open until 9:00 pm,Delivery · Takeaway,
S Food Star,Fast Food,5.0,(1),,Dr T.S. Kintanar St,Iconic fast-food burger & fries chain,Open until 9:00 pm,Delivery · Takeaway,
Jollibee,Fast Food,4.1,(686),₱,"Hanson, 231 Dionisio Jakosalem St",Fast-food chain with Filipino flavors,Opens at 6:00 am,Delivery,Closed
Chowabungga,Fast Food,4.4,(230),,"GF i1 Building, Jose Maria del Mar St",Fast-food chain for grilled burgers,Opens at 5:00 pm,Delivery · Takeaway,Closed
Jollibee,Fast Food,4.1,(350),₱,M. C. Briones St,Fast-food chain with Filipino flavors,Open until 7:30 pm,Delivery,Temporarily closed
Burger King,Fast Food,4.1,(261),₱₱,"Cebu Business Park, Cebu Ayala, Level 4, Ayala Center, Archbishop Reyes Ave",Fast-food chain for grilled burgers,Open until 9:00 pm,Delivery,
Chowking,Fast Food,3.4,(92),₱,"solara, G/F, General Maxilom Ave",Quick stop for familiar Chinese fare,Open until 6:00 pm,Delivery,Temporarily closed
Jollibee,Fast Food,3.8,(210),₱,"L1, SKYRISE Beta, Samar Loop",Fast-food chain with Filipino flavors,Open until 11:00 pm,Delivery,
Jollibee,Fast Food,4.3,(211),₱,C Central Nautical Hwy,Fast-food chain with Filipino flavors,Open until 11:30 pm,Delivery,Temporarily closed
Jollibee,Fast Food,3.8,(192),₱,Island Central Mall,Fast-food chain with Filipino flavors,Open until 12:00 am,Delivery,
Jollibee P. Del Rosario (USC),Fast Food,4.2,(583),₱,"P. Del Rosario St., corner Pelaez, R. Landon Ext",Fast-food chain with Filipino flavors,Open until 9:00 pm,Delivery,
Jollibee,Fast Food,4.0,(151),₱,"Grand Mall, Basak-Sisi-Agus Rd",Fast-food chain with Filipino flavors,Open until 9:00 pm,Delivery,Temporarily closed
Jollibee SM L3,Fast Food,4.1,(178),₱,"114 Third Level, SM City North Reclamation Area, Juan Luna Extension, Kaohsiung St",Fast-food chain with Filipino flavors,Open until 9:00 pm,Delivery,Closed
McDonald's,Fast Food,3.9,(148),₱,Cebu-Tubigon Bohol,Iconic fast-food burger & fries chain,Open until 11:59 pm,Delivery,
Jollibee,Fast Food,4.4,(157),₱,"E-Mall, N. Bacalso Ave Leon Kilat St",Fast-food chain with Filipino flavors,Open until 8:00 pm,Delivery,Closed
Jollibee,Fast Food,4.2,(148),₱,"Gaisano Fiesta Mall, South National Highway",Fast-food chain with Filipino flavors,Open until 8:00 pm,Delivery · Takeaway,Closed
Jollibee,Fast Food,4.2,(433),₱,"Park Mall, Ouano Avenue",Fast-food chain with Filipino flavors,Open until 8:00 pm,Delivery · Takeaway,Closed
KFC,Fast Food,4.3,(3),₱,SM,Fast-food fried chicken chain,Open until 9:00 pm,Delivery,Temporarily closed
Jollibee,Fast Food,4.2,(165),₱,Ouano Avenue,Fast-food chain with Filipino flavors,Open until 9:00 pm,Delivery,Closed
Jollibee,Fast Food,4.0,(45),₱,Gen. Maxilom Ext,Fast-food chain with Filipino flavors,Open until 9:00 pm,Delivery,Closed
Lotching's Chinese Ngohiong,Fast Food,4.5,(11),,Tojong St,Fast-food chain with Filipino flavors,Open until 7:30 pm,Delivery · Takeaway,
Chowking,Fast Food,3.9,(234),₱,"Chatswood Residences, A. S. Fortuna St",Iconic fast-food burger & fries chain,Open until 7:00 pm,Delivery · Takeaway,
Chowking,Fast Food,3.7,(248),₱,V Rama Ave,Quick stop for familiar Chinese fare,Open until 6:00 pm,Delivery,Closed
Jollibee,Fast Food,4.1,(265),₱,,Fast-food chain with Filipino flavors,Open until 9:00 pm,Delivery,Closed
Jollibee,Fast Food,3.9,(113),₱,"st.,, Across, Basilica del Sto. Nino, Osmeña Boulevard, Osmeña Blvd",Fast-food chain with Filipino flavors,Open until 10:00 pm,Delivery,Temporarily closed
Jollibee,Fast Food,4.2,(659),₱,"National Highway, A. S. Fortuna St",Fast-food chain with Filipino flavors,Open until 9:00 pm,Delivery,
Jollibee A.S. Fortuna,Fast Food,4.2,(204),₱,A. S. Fortuna St,Fast-food chain with Filipino flavors,Open until 6:00 pm,Delivery,Temporarily closed
Sinangag Station,Fast Food,4.0,(104),,N Escario St,Fast-food chain with Filipino flavors,Open until 11:00 pm,Delivery,
Jollibee,Fast Food,4.0,(81),₱,"Toledo Commercial Arcade, Poblacion",Fast-food chain with Filipino flavors,Open until 9:00 pm,Delivery,Temporarily closed
Orange Brutus,Fast Food,3.4,(5),,Osmeña Blvd,Fast-food chain with Filipino flavors,Open until 10:00 pm,Delivery,
Jollibee,Fast Food,4.1,(200),₱,"Super Metro, Natalio B. Bacalso Ave",Fast-food chain with Filipino flavors,Open until 9:00 pm,Delivery · Takeaway,
Orange Brutus,Fast Food,3.8,(50),,3 Jose Maria del Mar St Cebu City 6000 Jose Maria del Mar St,Fast-food chain with Filipino flavors,Open until 9:00 pm,Delivery,Temporarily closed
Jollibee,Fast Food,4.0,(799),₱,19 Gorordo Ave,Fast-food chain with Filipino flavors,Open until 9:00 pm,Takeaway,Closed
Jollibee,Fast Food,4.2,(257),₱,,Fast-food chain with Filipino flavors,Open until 9:00 pm,Delivery,
Jollibee,Fast Food,3.7,(27),₱,"138 Mall, Ground Floor, Colon St",Fast-food chain with Filipino flavors,Open until 9:00 pm,Delivery,Closed
Silogan ni Gian,Fast Food,4.0,(193),,Junquera St,Fast-food chain with Filipino flavors,Open until 8:00 pm,Delivery · Takeaway,Closed
Jollibee,Fast Food,3.8,(111),₱,"i2 Bldg, Jose Maria del Mar St",Fast-food chain with Filipino flavors,Open until 8:00 pm,Delivery,Closed
Jollibee,Fast Food,4.0,(215),₱,,Fast-food chain with Filipino flavors,Open until 9:00 pm,Delivery,Temporarily closed
Jollibee,Fast Food,4.1,(181),₱,M. Logarta Ave,Fast-food chain with Filipino flavors,Open until 9:00 pm,Delivery,Closed
Mang Inasal,Fast Food,4.1,(141),₱,"Bakilid Ground Floor, J Centre Mall, 165 AS Fortuna Street, Bakilid, Mandaue City, Cebu, Philippines, A. S. Fortuna St",Fast-food chain with Filipino flavors,Open until 9:00 pm,Delivery,Closed
McDonald's,Fast Food,4.1,(276),₱,Natalio B. Bacalso S National Hwy,Iconic fast-food burger & fries chain,Open until 11:30 pm,Delivery · Takeaway,
Jollibee,Fast Food,4.1,(300),₱,Cebu N Rd,Fast-food chain with Filipino flavors,Open until 7:00 pm,Delivery · Takeaway,
Jollibee,Fast Food,4.2,(170),₱,"Radaza Bldg, S. Osmeña Street",Fast-food chain with Filipino flavors,Open until 6:00 pm,Delivery,Closed
Mang Inasal,Fast Food,3.8,(31),₱,"E-Mall, N. Bacalso Cor. Leon Kilat St.",Fast-food chain with Filipino flavors,Open until 8:00 pm,Delivery,Closed
Mang Inasal,Fast Food,4.4,(10),,"Grandmall Basak, Maximo V. Patalinghug Jr. Avenue",Fast-food chain with Filipino flavors,Open until 10:00 pm,Delivery,Temporarily closed
Orange Brutus,Fast Food,3.7,(29),,,Fast-food chain with Filipino flavors,Open until 9:00 pm,Delivery,
Cebu's Original Lechon Belly,Fast Food,4.2,(117),,"The Maxwell Hotel, N Escario St",Fast-food chain with Filipino flavors,Open until 10:00 pm,Delivery · Takeaway,Temporarily closed
Mang Inasal,Fast Food,4.0,(40),₱,,Fast-food chain with Filipino flavors,Open until 11:00 pm,Delivery,
Jollibee Escario DT,Fast Food,4.3,(200),₱,N Escario St,Fast-food chain with Filipino flavors,Open until 9:00 pm,Delivery,Temporarily closed
Jollibee Gorordo,Fast Food,4.1,(227),₱,"Gorordo corner, General Maxilom Ave",Fast-food chain with Filipino flavors,Open until 10:00 pm,Delivery,
Jollibee - Basak Mactan,Fast Food,4.1,(493),₱,Basak,Fast-food chain with Filipino flavors,Open until 9:00 pm,Delivery,
Cebu's Original Lechon Belly,Fast Food,4.0,(78),,Park Mall Ouano Avenue,Fast-food chain with Filipino flavors,Open until 11:30 pm,Delivery · Takeaway,Temporarily closed
Jollibee,Fast Food,4.2,(411),₱,"Dial #87000, JL & Sons Building, 905, 6000 Francisco Llamas St",Fast-food chain with Filipino flavors,Open until 11:00 pm,Delivery · Takeaway,Closed
Chowking,Fast Food,2.8,(10),,G/F Gaisano Country Mall,Quick stop for familiar Chinese fare,Open until 10:00 pm,Delivery,
Chowking,Fast Food,3.9,(215),₱,,Fast-food chain with Filipino flavors,Open until 9:00 pm,Delivery,Closed
Andok's,Fast Food,3.3,(4),₱,"Andok's Building, Natalio B. Bacalso Ave",Fast-food chain with Filipino flavors,Open until 8:00 pm,Delivery · Takeaway,Closed
Mang Inasal,Fast Food,3.5,(56),₱,"Osmeña Blvd, corner F. Gonzales St",Fast-food chain with Filipino flavors,Open until 8:00 pm,Delivery,Closed
Chowking,Fast Food,3.1,(25),₱,"Unit 131, G/F, Gaisano Country Mall, Banilad, Cebu City",Fast-food chain with Filipino flavors,Open until 9:00 pm,Delivery,Temporarily closed
Mang Inasal,Fast Food,3.9,(15),₱,Gaisano Grand Mactan Corner Basak Agus Rd Lapu-lapu City,Fast-food chain with Filipino flavors,Open until 9:00 pm,Delivery,Closed
KFC,Fast Food,3.8,(36),,"Upper Ground Floor, SM City Juan Luna Ave. Cor. Kaoshiung St, 6000 F. Cabahug St",Fast-food fried chicken chain,Open until 9:00 pm,Delivery,Closed
Chowking,Fast Food,3.7,(30),₱,"G/F Gaisano Mall, Tabunok, Talisay, Cebu City",Quick stop for familiar Chinese fare,Open until 7:00 pm,Delivery · Takeaway,
Army Navy Burger + Burrito,Fast Food,4.2,(174),₱₱,"Metro, W Geonzon St",Fast-food chain with Filipino flavors,Open until 7:00 pm,Delivery · Takeaway,
Jollibee Robinsons Cybergate,Fast Food,4.2,(40),₱,"Robinsons Cybergate, 1st Floor, Don Gil Garcia St",Fast-food chain with Filipino flavors,Open until 6:00 pm,Delivery,Closed
Jollibee Bulacao,Fast Food,4.1,(565),₱,Cebu S Rd,Fast-food chain with Filipino flavors,Open until 8:00 pm,Delivery · Takeaway,Closed
Jollibee Guadalupe,Fast Food,4.1,(688),₱,R. Duterte St,Fast-food chain with Filipino flavors,Open until 10:00 pm,Delivery,Temporarily closed
Andok's,Fast Food,3.8,(130),₱,Gov. M. Cuenco Ave,Fast-food chain with Filipino flavors,Open until 11:00 pm,Delivery,
Cebu Fastfood,Fast Food,4.2,(117),,,Fast-food chain with Filipino flavors,Open until 10:00 pm,Delivery · Takeaway,Temporarily closed
Triple V Express Fastfood,Fast Food,4.0,(40),,,Fast-food chain with Filipino flavors,Open until 11:00 pm,Delivery,
McDonald's,Fast Food,4.0,(57),₱,"E-Mall, Sanciangko St",Iconic fast-food burger & fries chain,Open until 8:00 pm,Delivery,Temporarily closed
ESKINA Fastfood,Fast Food,4.1,(227),,"Room 208, Rivergate Building, Mango Avenue",Fast-food chain with Filipino flavors,Open until 10:00 pm,Delivery,
Bayadpo Delivery And Services,Fast Food,4.1,(493),,"Corner Plaridel Street, Ac Cortes Avenue",Fast-food chain with Filipino flavors,Open until 9:00 pm,Delivery,
Orange Brutus,Fast Food,2.2,(6),,"12, One Pavilion Mall, 22 R. Duterte St, Banawe",Fast-food chain with Filipino flavors,Open until 8:30 pm,Delivery · Takeaway,Temporarily closed
Burger King,Fast Food,4.2,(713),₱₱,F. Cabahug St,Fast-food chain for grilled burgers,Open until 5:00 pm,Delivery · Takeaway,Closed
Jollibee,Fast Food,3.6,(31),₱,"Level 1, Geonzon St, Salinas Dr",Fast-food chain with Filipino flavors,Open until 10:00 pm,Delivery,
Chrisdon Restaurant,Fast Food,4.5,(2),,155 F Villa St,Fast-food chain with Filipino flavors,Open until 9:00 pm,Delivery,Closed
Orange Brutus,Fast Food,4.0,(6),,2 Archbishop Reyes Ave,Fast-food chain with Filipino flavors,Open until 10:00 pm,Delivery · Takeaway,Closed
JohnChrisTyl Fastfood,Restaurant,5.0,(1),,"6000, 69 F. Gonzales St",Fast-food chain with Filipino flavors,Opens at 6:00 am,Delivery,Closed
"Remros Food, Inc.",Fast Food,3.1,(25),,Cebu Business Park,Fast-food chain with Filipino flavors,Open until 9:00 pm,Delivery,Temporarily closed
Jollibee,Fast Food,4.0,(128),₱,A. Borromeo St,Fast-food chain with Filipino flavors,Open until 9:00 pm,Delivery,Closed
M & J Fastfood,Takeout Restaurant,3.8,(36),,Don Andres Soriano Avenue,Fast-food fried chicken chain,Open until 9:00 pm,Takeaway,Closed
Ahbwu Fastfood,Restaurant,3.7,(30),,15 Julio Diaz St,Quick stop for familiar Chinese fare,Open until 7:00 pm,Delivery · Takeaway,
Bon Chon Chicken,Fast Food,4.1,(15),₱₱,"SM City Cebu, Cebu Port Center, uan Luna Ave.",Korean fried chicken specialist,Open until 9:00 pm,Delivery · Takeaway,
Norway Fastfood,Restaurant,4.2,(40),,231 Tres de Abril St,Fast-food chain with Filipino flavors,Open until 6:00 pm,Delivery,Closed
Chowking,Fast Food,3.9,(21),₱,"Upper Ground Floor., SM City Cebu, Cebu City",Fast-food chain with Filipino flavors,Open until 8:00 pm,Delivery · Takeaway,Temporarily closed
Prito Kings,Fast Food,2.0,(1),,"Sacred Heart School, 1774 General Maxilom Avenue Extension",Fast-food chain with Filipino flavors,Open until 10:00 pm,Delivery,Temporarily closed
Chowking,Fast Food,4.0,(10),₱,"G/F Pacific Mall Mandaue, Estancia-Ibabaw, Mandaue City",Fast-food chain with Filipino flavors,Open until 11:00 pm,Delivery,Temporarily closed
Chowking,Fast Food,4.0,(10),₱,"G/F Pacific Mall Mandaue, Estancia-Ibabaw, Mandaue City",,Open until 8:00 pm,Takeaway,Temporarily closed
Aley's Fastfood,Takeout Restaurant,2.5,(2),,F.F. Cruz St,,Open until 8:00 pm,Takeaway,
Sherly Ann Fastfood,Takeout Restaurant,2.5,(2),,Nacua Compound,Iconic fast-food burger & fries chain,Open until 10:00 pm,Takeaway,
McDonald's,Fast Food,4.1,(314),₱,P. Burgos St,Iconic fast-food burger & fries chain,Open until 11:30 pm,Delivery,
DG's Fastfood,Filipino,4.3,(3),,Sanciangko St,,Open until 11:30 pm,,
Arlene's Fastfood,Restaurant,2.2,(6),,Imus Ave,,Open until 8:30 pm,,
Noelle Marie's Restaurant,Fast Food,4.2,(713),,"79, Don Gil Garcia Street, Capitol Site",Fast-food chain for grilled burgers,Open until 5:00 pm,,
Lotching's Chinese Ngohiong,Fast Food,4.5,(11),,Tojong St,Fast-food chain with Filipino flavors,Open until 7:30 pm,Delivery,
"Mary's Food formerly known as ""Kam n' Kat Fastfood""",Filipino,4.5,(2),,Sanciangko St,Iconic fast-food burger & fries chain,Open until 8:00 pm,Takeaway,
McDonald's,Fast Food,4.1,(215),₱,Colon St,Iconic fast-food burger & fries chain,Open until 10:00 pm,Delivery,
Zhar Fastfood And Catering Services,Restaurant,5.0,(1),,V Rama Ave,,Opens at 6:00 am,,Closed
Silogan ni Gian,Fast Food,4.0,(193),,Junquera St,Iconic fast-food burger & fries chain,,,
McDonald's,Fast Food,4.3,(46),₱,Basak-Marigondon Rd,Iconic fast-food burger & fries chain,Open until 9:00 pm,Delivery,
McDonald's,Fast Food,3.9,(418),₱,"The Walk, Abad St",Iconic fast-food burger & fries chain,,Delivery,
Burger King,Fast Food,4.1,(61),₱₱,"Cebu SM Seaside, Lower Ground Floor, SM Seaside City Cebu, South Coastal Road corner Mambaling Extension, South Road Properties",Fast-food chain for grilled burgers,,,
McDonald's,Fast Food,3.7,(202),₱,"Cebu IT Tower, 1,Arch, G/F Archbishop Reyes Ave",Iconic fast-food burger & fries chain,Open until 9:00 pm,Delivery · Takeaway,
McDonald's,Fast Food,4.1,(186),₱,V.Albano,Iconic fast-food burger & fries chain,Open until 8:00 pm,Delivery,
McDonald's,Fast Food,4.0,(576),₱,"Hi-Way, M.L. Quezon National Highway",Iconic fast-food burger & fries chain,,Delivery,
Chowking,Fast Food,4.2,(80),₱,"Ground Floor, Elizabeth Mall, Leon Kilat St cor. South SuperHighway",,,,Temporarily closed
Shevan Fast Food,Fast Food,4.5,(2),,122 Junquera Ext,,Open until 10:00 pm,,
Jollibee,Fast Food,4.1,(686),₱,"Hanson, 231 Dionisio Jakosalem St",Fast-food chain with Filipino flavors,Open until 8:00 pm,Delivery,Temporarily closed
Chowabungga,Fast Food,4.4,(230),,"GF i1 Building, Jose Maria del Mar St",Iconic fast-food burger & fries chain,Opens at 5:00 pm,Delivery · Takeaway,Closed
Jollibee,Fast Food,4.1,(350),₱,M. C. Briones St,Fast-food chain with Filipino flavors,Open until 10:00 pm,Delivery,
Burger King,Fast Food,4.1,(261),₱₱,"Cebu Business Park, Cebu Ayala, Level 4, Ayala Center, Archbishop Reyes Ave",Fast-food chain for grilled burgers,Open until 11:30 pm,Delivery,
Chowking,Fast Food,3.4,(92),₱,"solara, G/F, General Maxilom Ave",Quick stop for familiar Chinese fare,Open until 6:00 pm,,
Jollibee,Fast Food,3.8,(210),₱,"L1, SKYRISE Beta, Samar Loop",Fast-food chain with Filipino flavors,Open until 5:00 pm,Delivery,
Chowking,Fast Food,3.2,(6),₱,3F,Fast-food chain for grilled burgers,Open until 5:00 pm,,Temporarily closed
Jollibee,Fast Food,4.1,(151),₱,Ouano Avenue,Fast-food chain with Filipino flavors,Open until 10:00 pm,Delivery,
Jollibee P. Del Rosario (USC),Fast Food,4.2,(583),₱,"P. Del Rosario St., corner Pelaez, R. Landon Ext",Fast-food chain with Filipino flavors,Open until 9:00 pm,Delivery,
Jollibee,Fast Food,4.0,(151),₱,"Grand Mall, Basak-Sisi-Agus Rd",Fast-food chain with Filipino flavors,Open until 9:00 pm,Delivery,
Jollibee SM L3,Fast Food,4.1,(178),₱,"114 Third Level, SM City North Reclamation Area, Juan Luna Extension, Kaohsiung St",Fast-food chain with Filipino flavors,Open until 9:00 pm,Delivery,Closed
Jollibee,Fast Food,4.4,(157),₱,"E-Mall, N. Bacalso Ave Leon Kilat St",Fast-food chain with Filipino flavors,Open until 8:00 pm,Delivery,
Jollibee,Fast Food,4.2,(433),₱,"Park Mall, Ouano Avenue",Fast-food chain with Filipino flavors,Open until 9:00 pm,Delivery · Takeaway,
Jollibee,Fast Food,4.2,(165),₱,Ouano Avenue,Fast-food chain with Filipino flavors,,Delivery,
Jollibee,Fast Food,4.0,(45),₱,Gen. Maxilom Ext,Fast-food chain with Filipino flavors,Open until 9:00 pm,Delivery,
Chowking,Fast Food,3.9,(234),₱,"Chatswood Residences, A. S. Fortuna St",Fast-food fried chicken chain,Open until 7:00 pm,Delivery,
Chowking,Fast Food,3.7,(248),₱,V Rama Ave,Quick stop for familiar Chinese fare,Open until 6:00 pm,Delivery,
Jollibee,Fast Food,3.9,(113),₱,"st.,, Across, Basilica del Sto. Nino, Osmeña Boulevard, Osmeña Blvd",Fast-food chain with Filipino flavors,Open until 10:00 pm,Delivery,
Jollibee,Fast Food,4.2,(659),₱,"National Highway, A. S. Fortuna St",Fast-food chain with Filipino flavors,,Delivery,Temporarily closed
Jollibee A.S. Fortuna,Fast Food,4.2,(204),₱,A. S. Fortuna St,Fast-food chain with Filipino flavors,Open until 10:00 pm,Delivery,
Sinangag Station,Fast Food,4.0,(104),,N Escario St,Fast-food chain with Filipino flavors,Open until 8:00 pm,Delivery,Temporarily closed
Jollibee,Fast Food,4.2,(281),₱,Gov. M. Roa Avenue,Fast-food chain with Filipino flavors,Open until 12:00 am,Delivery,Closed
Orange Brutus,Fast Food,3.4,(5),,Osmeña Blvd,Fast-food chain with Filipino flavors,Open until 10:00 pm,Delivery,
Jollibee,Fast Food,4.1,(200),₱,"Super Metro, Natalio B. Bacalso Ave",Fast-food chain with Filipino flavors,Open until 11:30 pm,Delivery · Takeaway,
Jollibee,Fast Food,3.8,(111),₱,"i2 Bldg, Jose Maria del Mar St",Fast-food chain with Filipino flavors,Open until 6:00 pm,Delivery,
Orange Brutus,Fast Food,3.8,(50),,3 Jose Maria del Mar St Cebu City 6000 Jose Maria del Mar St,Fast-food chain with Filipino flavors,Open until 5:00 pm,Delivery,
Jollibee,Fast Food,4.0,(799),₱,19 Gorordo Ave,Fast-food chain with Filipino flavors,Open until 5:00 pm,Takeaway,Temporarily closed
Jollibee,Fast Food,3.7,(27),₱,"138 Mall, Ground Floor, Colon St",Fast-food chain with Filipino flavors,Open until 9:00 pm,Delivery,
Jollibee,Fast Food,4.1,(160),₱,A. Del Rosario St,Fast-food chain with Filipino flavors,Open until 9:00 pm,Delivery,
Jollibee,Fast Food,4.1,(181),₱,M. Logarta Ave,Fast-food chain with Filipino flavors,Open until 9:00 pm,Delivery,
Andok's,Fast Food,3.9,(37),₱,Juan Luna Ave Corner Mj Cuenco Ave,Fast-food chain with Filipino flavors,Open until 9:00 pm,Delivery,Closed
Mang Inasal,Fast Food,4.1,(141),₱,"Bakilid Ground Floor, J Centre Mall, 165 AS Fortuna Street, Bakilid, Mandaue City, Cebu, Philippines, A. S. Fortuna St",Fast-food chain with Filipino flavors,Open until 9:00 pm,Delivery,
Jollibee,Fast Food,4.2,(170),₱,"Radaza Bldg, S. Osmeña Street",Fast-food chain with Filipino flavors,Open until 9:00 pm,Delivery,
Mang Inasal,Fast Food,3.7,(294),₱,2 General Maxilom Ave,Fast-food chain with Filipino flavors,,Delivery,
Mang Inasal,Fast Food,3.8,(31),₱,"E-Mall, N. Bacalso Cor. Leon Kilat St.",Fast-food chain with Filipino flavors,Open until 8:00 pm,Delivery,
Orange Brutus,Fast Food,3.7,(29),,,Fast-food fried chicken chain,Open until 7:00 pm,Delivery,
Cebu's Original Lechon Belly,Fast Food,4.2,(117),,"The Maxwell Hotel, N Escario St",Quick stop for familiar Chinese fare,Open until 10:00 pm,Delivery · Takeaway,
Jollibee Escario DT,Fast Food,4.3,(200),₱,N Escario St,Fast-food chain with Filipino flavors,Open until 10:00 pm,Delivery,
Jollibee Gorordo,Fast Food,4.1,(227),₱,"Gorordo corner, General Maxilom Ave",Fast-food chain with Filipino flavors,,Delivery,Temporarily closed
Jollibee - Basak Mactan,Fast Food,4.1,(493),₱,Basak,Fast-food chain with Filipino flavors,Open until 9:00 pm,Delivery,
Cebu's Original Lechon Belly,Fast Food,4.0,(78),,Park Mall Ouano Avenue,Fast-food chain with Filipino flavors,Open until 11:30 pm,Delivery · Takeaway,Temporarily closed
Jollibee,Fast Food,4.2,(411),₱,"Dial #87000, JL & Sons Building, 905, 6000 Francisco Llamas St",Fast-food chain with Filipino flavors,Open until 11:00 pm,Delivery · Takeaway,Closed
Chowking,Fast Food,2.8,(10),,G/F Gaisano Country Mall,Quick stop for familiar Chinese fare,Open until 10:00 pm,Delivery,
Chowking,Fast Food,3.9,(215),₱,,Fast-food chain with Filipino flavors,Open until 11:30 pm,Delivery,
Mang Inasal,Fast Food,3.5,(56),₱,"Osmeña Blvd, corner F. Gonzales St",Fast-food chain with Filipino flavors,Open until 6:00 pm,Delivery,
Chowking,Fast Food,3.1,(25),₱,"Unit 131, G/F, Gaisano Country Mall, Banilad, Cebu City",Fast-food chain with Filipino flavors,Open until 5:00 pm,Delivery,Temporarily closed
Mang Inasal,Fast Food,4.0,(43),₱,"138 Mall, 088 Colon St",Fast-food chain with Filipino flavors,Open until 8:00 pm,Takeaway,Temporarily closed
Chowking,Fast Food,3.7,(7),₱,"Grandmall Basak, Maximo V. Patalinghug Jr. Avenue",Quick stop for familiar Chinese fare,Open until 9:00 pm,Delivery,
KFC,Fast Food,3.8,(36),,"Upper Ground Floor, SM City Juan Luna Ave. Cor. Kaoshiung St, 6000 F. Cabahug St",Fast-food fried chicken chain,Open until 9:00 pm,Delivery,
Army Navy Burger + Burrito,Fast Food,4.2,(174),₱₱,"Metro, W Geonzon St",Fast-food chain with Filipino flavors,Open until 9:00 pm,Delivery,
Jollibee Robinsons Cybergate,Fast Food,4.2,(40),₱,"Robinsons Cybergate, 1st Floor, Don Gil Garcia St",Fast-food chain with Filipino flavors,Open until 9:00 pm,Delivery,Closed
Chowking,Fast Food,3.8,(5),,"Gaisano Country Mall, Gov. M. Curnco Ave",Fast-food chain with Filipino flavors,Open until 10:00 pm,Delivery,
Jollibee Guadalupe,Fast Food,4.1,(688),₱,R. Duterte St,Fast-food chain with Filipino flavors,Open until 9:00 pm,Delivery,
Hugot Fastfood,Diner,3.7,(294),,259 Tres de Abril St,Fast-food chain with Filipino flavors,Open until 9:00 pm,Delivery,
MyJoy,Fast Food,3.8,(28),,10 Apitong St,Fast-food chain with Filipino flavors,Open until 10:00 pm,Delivery,
Jollibee,Fast Food,4.1,(277),₱,"President Osmeña Blvd, Corner Arlington Pond St",Fast-food chain with Filipino flavors,Open until 7:00 pm,Delivery · Takeaway,
Andok's,Fast Food,3.5,(6),₱,,Quick stop for familiar Chinese fare,Open until 10:00 pm,Delivery · Takeaway,
Jollibee,Fast Food,4.1,(119),₱,"ayala center cebu, 3rd Floor, Paseo Verde, Archbishop Reyes Ave",Fast-food chain with Filipino flavors,Open until 10:00 pm,Delivery,
Jollibee,Fast Food,3.8,(63),₱,Colon St,Fast-food chain with Filipino flavors,Open until 11:00 pm,Delivery,Temporarily closed
Burger King,Fast Food,4.0,(1),,"Northdrive, Ouano Avenue",Fast-food chain with Filipino flavors,Open until 9:00 pm,Delivery,Temporarily closed
Jollibee,Fast Food,3.6,(22),₱,"2nd Gaisano Country Mall, Gov. M. Cuenco Ave",Fast-food chain with Filipino flavors,Open until 9:00 pm,Delivery,Temporarily closed
Sr. Pedro,Fast Food,5.0,(4),,Hernan Cortes St,Fast-food chain with Filipino flavors,Open until 9:00 pm,Delivery · Takeaway,Closed
KFC Fuente Osmeña,Fast Food,3.8,(336),₱,"Doña Luisa Building, G/F, Fuente Osmeña Cir",Fast-food fried chicken chain,Open until 10:00 pm,Delivery,
Andoks,Fast Food,4.0,(86),,"Mabolo, M. J. Cuenco Avenue, 6000, Cebu City, Cebu",Fast-food chain with Filipino flavors,Open until 11:30 pm,Delivery,
Mang Inasal,Fast Food,3.7,(54),₱,"SM City Cebu, Juan Luna Ave Ext",Fast-food chain with Filipino flavors,Open until 9:00 pm,Delivery,
Tokyo Tokyo,Japanese,3.3,(8),₱₱,"SM Seaside, F Vestil St Cor SRP",Fast-food chain with Filipino flavors,Open until 9:00 pm,Delivery,Temporarily closed
Mr. Kimbob,Korean,4.3,(31),,"SM City Cebu, Juan Luna Ave Cor Cabahug And Kaohsiung St",Fast-food chain with Filipino flavors,Open until 9:00 pm,Takeaway,Temporarily closed
Okinawa Heat - SM Foodcourt,Fast Food,5.0,(2),,SM City Cebu,Quick stop for familiar Chinese fare,Open until 9:00 pm,Delivery,
Ngohiong Express,Takeout Restaurant,3.8,(22),,Francisco Llamas St,Fast-food fried chicken chain,Open until 9:00 pm,Takeaway,
Andok's,Fast Food,3.6,(41),₱,,Fast-food chain with Filipino flavors,Open until 7:00 pm,Delivery,
MyJoy SM Seaside,Fast Food,4.5,(2),,,Fast-food chain with Filipino flavors,Open until 10:00 pm,Delivery,Closed
KFC Mandaue,Fast Food,4.0,(421),₱,"RAMCAR Building, M. C. Briones Avenue, Maguikay Mandaue",Fast-food fried chicken chain,Open until 10:00 pm,Delivery,
Chowking,Fast Food,3.7,(367),₱,"G/F Cinco Centrum, Fuente Osmeña Cir",Quick stop for familiar Chinese fare,Open until 8:00 pm,Delivery,
KFC Parkmall,Fast Food,3.7,(75),₱,168 Park Mall Dr,Fast-food fried chicken chain,Open until 10:00 pm,Delivery,
KFC E Bloc 3,Fast Food,3.9,(50),₱,"eBloc 3 Tower, Stall 109 Level 1, G/F",Fast-food fried chicken chain,Open until 10:00 pm,Delivery,
Jollibee,Fast Food,4.1,(20),₱,"Robinsons Fuente, Fuente Osmeña Cir",Fast-food chain with Filipino flavors,Open until 9:30 pm,Delivery,
Greenwich,Fast Food,3.9,(37),₱₱,"LEVEL 1 GAISANO GRAND MACTAN, M.V. PATALINGHUG JR. AVENUE CORNER BASAK SISI AGUS ROAD",Quick stop for familiar Chinese fare,Open until 9:00 pm,Delivery · Takeaway,
ArmyNavy Burger + Burrito,Fast Food,4.2,(16),₱₱,"Ayala Center, 176 Archbishop Reyes Ave",Fast-food chain with Filipino flavors,Open until 11:00 pm,Delivery,
Bigby's,Fast Food,3.5,(37),,"SM City Cebu, Juan Luna Ave., Cor. Cabahug and Kaoshiung St",Fast-food chain with Filipino flavors,Open until 9:00 pm,Delivery,Temporarily closed
Andy's Crunchicken,Chicken,4.0,(1),,"Skyrise 1, I. Villa St",Fast-food chain with Filipino flavors,Open until 9:00 pm,Delivery,Temporarily closed
Mang Inasal,Fast Food,3.4,(54),₱,"Parkmall, 168 Ouano Avenue",Fast-food chain with Filipino flavors,Open until 8:00 pm,Delivery,Temporarily closed
Bigby's Cafe,Restaurant,4.3,(21),,,Fast-food chain with Filipino flavors,Open until 10:00 pm,Delivery · Takeaway,Closed
Kikomeister's,Takeout Restaurant,3.8,(336),,86 F. Ramos St,Fast-food fried chicken chain,Open until 8:00 pm,Takeaway,
KFC SM Cebu,Fast Food,4.3,(3),₱,Upper G/F Sm City Cebu,Fast-food fried chicken chain,Open until 10:00 pm,Delivery,
Three Guys And A Grill,Hamburger,4.4,(13),,N Escario St,Fast-food chain with Filipino flavors,Open until 12:00 am,Delivery,
Giligans,Restaurant,4.2,(5),,"Ayala Center Cebu The Terraces, Archbishop Reyes Ave Cebu Business Park",Fast-food chain with Filipino flavors,Open until 11:00 pm,Delivery,Temporarily closed
Kenny Rogers Roasters,Chicken,4.2,(38),₱₱,"ayala center cebu, Archbishop Reyes Ave Cebu Business Park",Fast-food chain with Filipino flavors,Open until 10:00 pm,Takeaway,Temporarily closed
Special Ngohiong Express,Restaurant,4.1,(17),,"Gaisano Savers, Maximo V. Patalinghug Jr. Ave.",Quick stop for familiar Chinese fare,Open until 9:00 pm,Delivery,
Dimsum Break,Dim Sum,4.1,(44),₱₱,139 Colon St,Fast-food fried chicken chain,Open until 9:00 pm,Delivery,
Ngohiong Express,Takeout Restaurant,4.0,(2),,P Del Rosario St.,Fast-food chain with Filipino flavors,Open until 7:00 pm,Takeaway,
Bigby's,Restaurant,3.9,(107),,"ayala center cebu, 176 Archbishop Reyes Ave. Cebu Business Park",Fast-food chain with Filipino flavors,Open until 11:00 pm,Delivery,Closed
Greenwich,Pizza,4.1,(175),₱₱,"LEVEL 1 RAINTREE MALL, GEN. MAXILOM AVENUE",Fast-food fried chicken chain,Open until 1:00 am,Delivery,
Leylam Shawarma,Takeout Restaurant,3.3,(3),,"Food Court, Robinsons Fuente, 6000 Fuente Osmeña Cir",Quick stop for familiar Chinese fare,Open until 9:00 pm,Takeaway,
Bonchon Chicken,Chicken,4.1,(118),₱₱,"Ayala Center Cebu, Bohol Ave, The Terraces",Korean fried chicken specialist,Open until 10:30 pm,Delivery,
Snowsheen Restaurant,Filipino,3.9,(57),,Osmeña Blvd,Fast-food fried chicken chain,Open until 10:00 pm,Delivery,
Tokyo Tokyo Philippines,Japanese,3.6,(22),₱₱,"G/F, SM Seaside, Reclamation Area",Fast-food chain with Filipino flavors,Open until 9:00 pm,Delivery,
McDonald's Paseo Arcenas,Restaurant,4.4,(396),₱,Salvador St,Iconic fast-food burger & fries chain,Open until 6:00 pm,Delivery · Takeaway,
Kenny Rogers Roasters,Chicken,3.9,(72),₱₱,"SM City Cebu, Upper Ground",Fast-food chain with Filipino flavors,Open until 9:00 pm,Delivery,
Rustic Chef's,Restaurant,4.2,(108),₱,Maximo V. Patalinghug Jr. Avenue,Fast-food chain with Filipino flavors,Open until 9:00 pm,Delivery,Temporarily closed
Maxs Restaurant,Filipino,4.0,(33),₱₱,"3rd Level SM City corner Cabahug and Kaoshiung Streets, Mabolo, 6000, Juan Luna Extension",Chain eatery for Filipino fried chicken,Open until 9:00 pm,Delivery,Temporarily closed
Kuzina Guadalupe,Restaurant,3.8,(27),,M. Velez St,Fast-food chain with Filipino flavors,Open until 8:00 pm,Delivery,Temporarily closed
Topokkiman,Korean,4.5,(283),₱₱,"Banilad Rosedale Place, Banilad, Gov. M. Cuenco Ave",Fast-food chain with Filipino flavors,Open until 11:00 pm,Delivery,Closed
Max's Restaurant BTC,Restaurant,3.9,(89),₱₱,"GCA Building, 13 Gov. M. Cuenco Ave",Chain eatery for Filipino fried chicken,Open until 10:00 pm,Takeaway,
Greenwich,Pizza,3.3,(26),₱₱,"LEVEL 1 ELIZABETH MALL, L. KILAT STREET CORNER N. BACALSO STREET",Fast-food fried chicken chain,Open until 8:00 pm,Delivery,
Ding How,Dim Sum,4.1,(56),,General Maxilom Ave Ext,Fast-food chain with Filipino flavors,Open until 12:00 am,Delivery,
Persian Palate,Persian,4.1,(271),₱₱,"Active Zone, Ayala Center Cebu, Archbishop Reyes Ave",Fast-food chain with Filipino flavors,Open until 11:00 pm,Delivery,Temporarily closed
BonChon,Restaurant,2.9,(9),₱₱,SM Seaside City,Korean fried chicken specialist,Open until 10:00 pm,Takeaway,Temporarily closed
Ngohiong Express,Restaurant,3.6,(56),,J. Luna Avenue,Quick stop for familiar Chinese fare,Open until 9:00 pm,Delivery,
Jonie's Flavored Chicken,Restaurant,4.2,(5),,Upper Ground SM City Cebu,Fast-food fried chicken chain,Open until 9:00 pm,Delivery,
Guby's,Takeout Restaurant,4.0,(2),,"UGF, Kiosk , SM City Cebu, Juan Luna Avenue , 6000 Cebu City , Cebu",Fast-food chain with Filipino flavors,Open until 9:00 pm,Takeaway,
Braddex,Restaurant,4.2,(282),₱,Katipunan St,Fast-food chain with Filipino flavors,Open until 11:00 pm,Delivery,Closed
Classic Savory,Takeout Restaurant,4.1,(9),₱₱,"SM Seaside, F Vestil St Cor SRP",Fast-food fried chicken chain,Open until 9:00 pm,Takeaway,
Patty Pie,Restaurant,3.9,(47),,Cebu South Coastal Rd,Quick stop for familiar Chinese fare,Open until 9:00 pm,Takeaway,
Sinangag Station,Restaurant,4.3,(77),,R. Landon St,Korean fried chicken specialist,Open until 10:30 pm,Delivery,
Barikata Ramen Bar,Ramen,4.2,(152),,"G/F Calyx Building West Geonzon Street IT park Lungsod ng Cebu PH, W Geonzon St",Fast-food fried chicken chain,Open until 10:30 pm,Delivery,
Ngohiong Express,Restaurant,3.6,(22),,"Ayala access road (axis), Mactan St",Fast-food chain with Filipino flavors,Open until 9:00 pm,Delivery,
Special Ngohiong Express,Takeout Restaurant,5.0,(1),,85 Osmeña Blvd,Iconic fast-food burger & fries chain,Open until 6:00 pm,Takeaway,
Classic Savory,Restaurant,4.2,(6),,"Space 2107, 2F SM City Cebu, North Reclamation Area, Cebu City",Fast-food chain with Filipino flavors,Open until 9:00 pm,Delivery,
Loi-Loi's Eatery,Restaurant,5.0,(1),,Arlington Pond St,Fast-food chain with Filipino flavors,Open until 9:00 pm,Delivery,Temporarily closed
Doming's Ngohiong,Chinese,3.9,(105),,"Door #1 G/F Pacific Tourist Inn M. Gotianuy Bldg., V. Gullas St., 6000, Balintawak",Chain eatery for Filipino fried chicken,Open until 7:00 pm,Delivery,Temporarily closed
Chibog Karenderya,Fast Food,4.5,(4),,Salvador St,Fast-food chain with Filipino flavors,Open until 9:00 pm,Delivery,Closed
Cebu's Original Lechon Belly,Fast Food,5.0,(1),,"Super Metro Gaisano M.L., M.L. Quezon National Highway",Chain eatery for Filipino fried chicken,Open until 9:00 pm,Delivery,
Mang Inasal,Fast Food,3.4,(54),₱,"Parkmall, 168 Ouano Avenue",Fast-food fried chicken chain,Open until 8:00 pm,Delivery,
Mang Inasal,Fast Food,3.7,(54),₱,"SM City Cebu, Juan Luna Ave Ext",Fast-food chain with Filipino flavors,Open until 9:00 pm,Delivery,
Jollibee,Fast Food,3.6,(22),₱,"2nd Gaisano Country Mall, Gov. M. Cuenco Ave",Fast-food chain with Filipino flavors,Open until 9:00 pm,Delivery,Temporarily closed
Kamikaze Tempura Kid,Fast Food,5.0,(1),,"179 Osmena Boulevard, Juan Luna St",Korean fried chicken specialist,Open until 10:00 pm,Takeaway,Temporarily closed
Chicken Deli,Fast Food,3.6,(56),,1 Park Mall Dr,Quick stop for familiar Chinese fare,Open until 9:00 pm,Delivery,
Leylam Deluxe SM Seaside Cebu,Fast Food,4.7,(3),,Unnamed Road,Fast-food fried chicken chain,Open until 9:00 pm,Delivery,
Chowking,Fast Food,3.2,(13),₱,"G/F Gaisano Grand Mall of Mactan, Basak corner Agus Road, Lapu Lapu City Cebu",Fast-food chain with Filipino flavors,Open until 7:00 pm,Takeaway,
Tiktilaok,Fast Food,4.6,(7),,"ayala center cebu, 176 Archbishop Reyes Ave. Cebu Business Park",Fast-food chain with Filipino flavors,Open until 10:00 pm,Delivery,Closed
Golden Arches Development Corporation,Fast Food,4.1,(9),,Colon Corner Borromeo Street,Fast-food fried chicken chain,Open until 9:00 pm,Takeaway,
Andok's,Fast Food,3.8,(9),,Juan Luna Ave Ext,Quick stop for familiar Chinese fare,Open until 9:00 pm,Takeaway,
MyJoy SM Seaside,Fast Food,4.5,(2),,,Korean fried chicken specialist,Open until 10:00 pm,Delivery,
Yellow Bee 24,Fast Food,5.0,(2),,"42 Wilson St, Apas, Cebu City, 6000 Wilson St",Fast-food fried chicken chain,Open until 10:30 pm,Delivery,
Sweet Heaven Industries Corporation.,Fast Food,3.6,(22),,"J.P. Rizal Street Mandaue City, 6014 Cebu, Philippines",Fast-food chain with Filipino flavors,Open until 9:00 pm,Delivery,
Cebu's Original Lechon Belly,Fast Food,4.0,(1),,"SM Hypermarket Food Area 165 A. S., A. S. Fortuna St",Iconic fast-food burger & fries chain,Open until 8:00 pm,Takeaway,
Leylam Shawarma,Fast Food,3.5,(4),,"2nd Floor Robinsons Cybergate Cebu, Don Gil Garcia Street",Fast-food chain with Filipino flavors,Open until 9:00 pm,Delivery,
Turks Pueblo Verde Outlets Cebu,Fast Food,5.0,(2),,,Fast-food chain with Filipino flavors,Open until 10:00 pm,Delivery,Temporarily closed
Potato Corner,Fast Food,3.9,(105),,,Chain eatery for Filipino fried chicken,Open until 7:00 pm,Delivery,Temporarily closed
Mang Inasal,Fast Food,3.5,(56),₱,"Osmeña Blvd, corner F. Gonzales St",Fast-food chain with Filipino flavors,Open until 9:00 pm,Delivery,Closed
Jollibee 138 Mall Colon,Fast Food,5.0,(1),,"138 Mall, 138 Colon St",Chain eatery for Filipino fried chicken,Open until 9:00 pm,Delivery,
Mang Inasal,Fast Food,3.5,(20),₱,"SM Seaside City, Cebu South Coastal Rd",Fast-food fried chicken chain,Open until 9:00 pm,Delivery,
Okinawa Heat - SM Foodcourt,Fast Food,5.0,(2),,SM City Cebu,Fast-food chain with Filipino flavors,Open until 9:00 pm,Delivery,
Chowking,Fast Food,3.1,(25),₱,"Unit 131, G/F, Gaisano Country Mall, Banilad, Cebu City",Fast-food chain with Filipino flavors,Open until 9:00 pm,Delivery,Temporarily closed
Chowking,Hong Kong style fast food restaurant,4.1,(361),₱,W Geonzon St,Quick stop for familiar Chinese fare,Open until 10:00 pm,Delivery,Temporarily closed
Chowking,Fast Food,2.8,(10),,G/F Gaisano Country Mall,Quick stop for familiar Chinese fare,Open until 10:00 pm,Delivery,
Jafar's Shawarma Station,Fast Food,3.1,(16),,Ayala Center Cebu,Fast-food fried chicken chain,Open until 10:00 pm,Delivery,
Chowking,Hong Kong style fast food restaurant,4.1,(66),₱,26 Osmeña Blvd,Fast-food chain with Filipino flavors,Open until 9:00 pm,Delivery,
KFC Fuente Osmeña,Fast Food,3.8,(336),₱,"Doña Luisa Building, G/F, Fuente Osmeña Cir",Fast-food fried chicken chain,Open until 10:00 pm,Delivery,Closed
KFC Mandaue,Fast Food,4.0,(421),₱,"RAMCAR Building, M. C. Briones Avenue, Maguikay Mandaue",Fast-food fried chicken chain,Open until 9:00 pm,Delivery,
KFC E Bloc 3,Fast Food,3.9,(50),₱,"eBloc 3 Tower, Stall 109 Level 1, G/F",Fast-food fried chicken chain,Open until 9:00 pm,Takeaway,
KFC Parkmall,Fast Food,3.7,(75),₱,168 Park Mall Dr,Fast-food fried chicken chain,Open until 10:00 pm,Delivery,
Cebu Lumpia House,Fast Food,4.0,(56),,262 Manalili St,Fast-food fried chicken chain,Open until 5:30 pm,Delivery,
KFC Cebu IT Park,Fast Food,3.9,(67),₱,G/F i2 & i3 Building Asia Town IT Park Apas,Fast-food fried chicken chain,Open until 9:00 pm,Delivery,
KFC F. Cabahug,Fast Food,3.8,(258),₱,F. Cabahug St,Fast-food fried chicken chain,Open until 8:00 pm,Delivery,
Goldilocks Bakeshop,Fast Food,3.0,(2),₱₱,"Tisa Street, Labangon",Fast-food chain with Filipino flavors,Open until 9:00 pm,Delivery,Temporarily closed
ArmyNavy Burger + Burrito,Fast Food,4.2,(16),₱₱,"Ayala Center, 176 Archbishop Reyes Ave",Fast-food chain with Filipino flavors,Open until 11:00 pm,Delivery,Temporarily closed
Azool Burrito Bar,Fast Food,4.2,(13),,"E Zone, F. Cabahug St",Chain eatery for Filipino fried chicken,Open until 7:00 pm,Delivery,Temporarily closed
Tokyo Tokyo,Japanese,3.3,(8),₱₱,"SM Seaside, F Vestil St Cor SRP",Fast-food chain with Filipino flavors,Open until 9:00 pm,Delivery,Closed
Dimsum Break,Fast Food,3.5,(6),₱₱,"Ground Floor, Pacific Mall, M.C. Bionest St. cor U.N. Ave.",Chain eatery for Filipino fried chicken,Open until 9:00 pm,Takeaway,
Ngohiong Express,Takeout Restaurant,3.8,(22),,Francisco Llamas St,Fast-food fried chicken chain,Open until 9:00 pm,Takeaway,
Flame It Burgers And Sausages,Takeout Restaurant,4.3,(13),,Pope John Paul II Ave,Fast-food chain with Filipino flavors,Open until 9:00 pm,Takeaway,
Bigby's Cafe,Restaurant,4.3,(21),,,Fast-food chain with Filipino flavors,Open until 10:00 pm,Delivery,Temporarily closed
Alzen's Food station,Restaurant,2.3,(3),,236-230 Tres de Abril St,Quick stop for familiar Chinese fare,Open until 10:00 pm,Delivery,Temporarily closed
STREET YARD,Restaurant,4.5,(80),,"Park Mall, A1 Ouano Avenue",Quick stop for familiar Chinese fare,Open until 10:00 pm,Delivery,
Red Ribbon,Fast Food,4.0,(1),₱₱,"Lower Ground Floor, SM Seaside City Cebu, Cebu South Coastal Rd",Filipino bakery selling cakes & pastries,Open until 9:00 pm,Delivery,
Bigby's,Restaurant,3.9,(107),,"ayala center cebu, 176 Archbishop Reyes Ave. Cebu Business Park",Fast-food chain with Filipino flavors,Open until 11:00 pm,Delivery,
Somac Korean Restaurant,Korean,4.4,(411),₱₱,Pope John Paul II Ave,Fast-food fried chicken chain,Open until 7:00 pm,Delivery,Closed
Ngohiong Express,Restaurant,4.2,(18),,SRP Access Road,Fast-food fried chicken chain,Open until 9:00 pm,Delivery,
Dimsum Break,Dim Sum,4.1,(44),₱₱,139 Colon St,Fast-food fried chicken chain,Open until 9:00 pm,Delivery,
The Y LAME Carenderia,Restaurant,4.5,(25),,S Jayme St,Fast-food fried chicken chain,Open until 12:00 am,Delivery,
Kebab JR,Restaurant,4.3,(6),,,Fast-food fried chicken chain,Open until 9:00 pm,Delivery,
McDonald's Paseo Arcenas,Restaurant,4.4,(396),₱,Salvador St,Iconic fast-food burger & fries chain,Open until 6:00 pm,Delivery,
JSAMM'S EATERY,Restaurant,4.0,(2),,"G/F Coast Pacific Building, 109-1 Sanciangko St",Fast-food fried chicken chain,Open until 8:00 pm,Delivery,
KKD stk+bbq,Filipino,4.2,(815),₱,M. J. Cuenco Ave,Fast-food chain with Filipino flavors,Open until 10:00 pm,Delivery,Temporarily closed
Mr. Potato,Takeout Restaurant,4.2,(16),,M. Logarta St. Inside North Bus Terminal,Fast-food chain with Filipino flavors,Open until 7:00 pm,Takeaway,Temporarily closed
Pakû by Chef Binux 2 - Mango Ave.,Restaurant,3.9,(99),,"1st Floor, Sampaguita Suites, Gen. Maxilom Ave. (Mango Ave, Brgy",Chain eatery for Filipino fried chicken,Open until 10:00 pm,Delivery,Temporarily closed
Tokyo Tokyo Philippines,Japanese,3.6,(22),₱₱,"G/F, SM Seaside, Reclamation Area",Fast-food chain with Filipino flavors,Open until 9:00 pm,Delivery,Closed
Baboy 1983,Restaurant,3.8,(4),,General Maxilom Ave,Chain eatery for Filipino fried chicken,Open until 10:00 pm,Takeaway,
Mr. Potato,Takeout Restaurant,3.8,(22),,P. del Rosario St,Fast-food fried chicken chain,Open until 9:00 pm,Takeaway,
Mr. Potato,Takeout Restaurant,4.3,(13),,Humay-Humay Rd,Fast-food chain with Filipino flavors,Open until 8:30 pm,Takeaway,
Sinjeon Topokki,Restaurant,4.2,(54),,Skyrise 1,Fast-food chain with Filipino flavors,Open until 2:00 am,Delivery,Temporarily closed
Special Ngohiong Express,Takeout Restaurant,5.0,(1),,85 Osmeña Blvd,Quick stop for familiar Chinese fare,Open until 10:00 pm,Takeaway,Temporarily closed
Mr. Potato,Takeout Restaurant,4.5,(80),,"Ultra Vistarama, Legaspi St",Quick stop for familiar Chinese fare,Open until 7:45 pm,Takeaway,
Ngohiong Express,Restaurant,4.0,(1),,"Ayala access road (axis), Mactan St",Filipino bakery selling cakes & pastries,Open until 9:00 pm,Delivery,
Ngohiong Express,Restaurant,3.8,(9),,J Lorente,Fast-food chain with Filipino flavors,Open until 10:00 pm,Delivery,
Susan's Place,Restaurant,4.4,(411),,"6000, 478 M. J. Cuenco Ave",Fast-food fried chicken chain,Open until 7:00 pm,Delivery,Closed
Tokyo Tokyo Philippines,Japanese,2.6,(15),₱₱,"G/F, SM City Cebu, Juan Luna Avenue",Fast-food fried chicken chain,Open until 9:00 pm,Delivery,