section-result-title,cards-rating-score,section-result-num-ratings,section-result-details,section-result-description,GLOBAL__gm2-caption,GLOBAL__gm2-caption 2,section-result-header-container,section-result-info,section-result-location
Waterfront Airport Hotel & Casino Mactan,4.0,"(1,433)",4-star hotel,High-end airport hotel with a casino,Pool,Free parking,,,
C-Suites,4.0,(167),3-star hotel,Refined apartment hotel with a pool,Spa,Free Wi-Fi,,,
GV Tower Hotel,3.5,(388),3-star hotel,,Free parking,Free Wi-Fi,₱849,Temporarily closed,
Go Land Pension House,4.2,(14),2-star hotel,,,,,Temporarily closed,
Cozy Inn Mactan,4.2,(50),Hotel,Humble budget hotel near Cebu IT Park,Free parking,Free Wi-Fi,"₱1,266",Temporarily closed,
New Era Pension Inn,3.7,(107),2-star hotel,,Free parking,Free Wi-Fi,"₱1,212",Temporarily closed,
Mactan Pension House,3.1,(126),2-star hotel,,Free Wi-Fi,,"₱1,034",Temporarily closed,
Doña Mercedes Hostel - 1.5 Star,3.4,(26),Hostel,,,,₱724,Temporarily closed,
Dragon Home Inn,3.8,(184),2-star hotel,Unassuming budget hotel with a cafe,Free parking,Free Wi-Fi,₱587,Temporarily closed,
OYO 428 Cebu Hilltop Hotel,3.8,(135),3-star hotel,,Pool,Free parking,,Temporarily closed,
Pensionne la Florentina,3.8,(62),2-star hotel,,Free Wi-Fi,,,Temporarily closed,
Nomads Hub Coliving Hostel Cebu,4.7,(45),Hostel,,Free parking,Free Wi-Fi,,Temporarily closed,
Alicia Tower Residences,3.9,(227),2-star hotel,Laid-back hostel with a cafeteria,Free parking,Free Wi-Fi,,Temporarily closed,
The Ancestors Pension,3.8,(81),2-star hotel,,,,,Temporarily closed,
Tropical Hostel Cebu Center,3.6,(64),2-star hotel,Simple budget hotel with dining,,,₱477,Temporarily closed,
Food District Hostel Cebu Central,4.2,(83),Hostel,,,,,Temporarily closed,
Elegant Circle Inn,3.7,(299),3-star hotel,,Free parking,Free Wi-Fi,₱853,Temporarily closed,
Skyblue Hotel - 2 Star,3.3,(120),3-star hotel,,Spa,Free parking,,Temporarily closed,
Cebu Hostel & Glamping,4.5,(2),Hostel,,,,,Temporarily closed,
7 Days Inn,3.6,(16),3-star hotel,Unassuming budget hotel with a cafe,Free parking,Free Wi-Fi,₱500,Temporarily closed,
GV Hotel Lapulapu,3.3,(148),2-star hotel,,Free parking,Free Wi-Fi,,Temporarily closed,
Flory's Inn,3.3,(6),1-star hotel,,,,₱965,Temporarily closed,
Amethyst Boutique Hotel Cebu,4.6,(69),3-star hotel,Casual hotel with dining & event space,Free parking,Free Wi-Fi,,,
Well Hotel,3.9,(138),2-star hotel,Low-key hotel with free breakfast,Free parking,Free Wi-Fi,,,
Friendly's Guesthouse Hostel - 1.5 Star,3.1,(75),2-star hotel,,Free parking,Free Wi-Fi,₱849,Temporarily closed,
Sugbutel Family Hotel,4.0,(686),2-star hotel,,Free Wi-Fi,,,Temporarily closed,
Citi Circle Guesthouse Hostel - 1.5 Star,3.7,(92),2-star hotel,,Free parking,Free Wi-Fi,,Temporarily closed,
RedDoorz Plus near Talisay Town Center,2.8,(92),Apartment building,,,,,Temporarily closed,
Taro hometel,3.8,(12),Hotel,,,,₱700,Temporarily closed,
cebu leisure lodge,3.7,(71),2-star hotel,,Spa,Free parking,,Temporarily closed,
OYO 465 Ford's Inn,3.8,(88),3-star hotel,Unassuming budget hotel with a cafe,Spa,Free parking,,Temporarily closed,
Westview Pension,3.5,(41),2-star hotel,,,,,Temporarily closed,
RedDoorz @ Bonifacio St Cebu,3.4,(58),2-star hotel,,Free Wi-Fi,,,Temporarily closed,
AllSon's Inn,3.7,(351),2-star hotel,,Free parking,Free Wi-Fi,,Temporarily closed,
RedDoorz near UV Mandaue Cebu,3.9,(39),Hotel,,Free Wi-Fi,,,Temporarily closed,
OYO 556 3j's And K Apartment,3.8,(12),Hotel,,,,,Temporarily closed,
Honey Hunt House Pension,3.5,(155),2-star hotel,Simple budget hotel with dining,Pool,Free parking,,Temporarily closed,
Abisha B＆B,4.8,(18),Lodging,,,,,Temporarily closed,
The Flying Fish Boutique Hostel Cebu,3.9,(34),Hostel,,Pool,Free parking,,Temporarily closed,
OYO 208 Anika Suites,4.3,(52),Hotel,,Free Wi-Fi,,,Temporarily closed,
OYO 140 Jcad Hotel,3.6,(80),Hotel,,,,,Temporarily closed,
Cebu Guest Inn,4.1,(65),2-star hotel,Unassuming budget hotel with a cafe,Free parking,Free Wi-Fi,₱587,Temporarily closed,
The Stopover Hostel,3.6,(55),2-star hotel,,Free Wi-Fi,,,Temporarily closed,
The Seven Archangels Pension House,3.7,(16),Hostel,,,,,Temporarily closed,
Dragon Home Inn,3.8,(184),2-star hotel,Low-key hotel with dining & free parking,Free parking,Free Wi-Fi,,,
Alpa City Suites,4.1,(505),3-star hotel,Relaxed hotel with a restaurant,Free parking,Free Wi-Fi,,,
RedDoorz @ Bankal Lapulapu,2.6,(5),Apartment building,,,,₱849,Temporarily closed,
Naps & Maps,4.0,(180),2-star hotel,,Free Wi-Fi,Free breakfast,,Temporarily closed,
RedDoorz Hernan Cortes,4.3,(20),2-star hotel,,Pool,Free parking,,Temporarily closed,
"La Maria, Pension & Tourist Inn Hotel‎",3.8,(90),2-star hotel,,Free parking,Free Wi-Fi,,Temporarily closed,
Shejoje Poshtel Hostel - 2 Star,4.5,(146),2-star hotel,,Free Wi-Fi,,₱700,Temporarily closed,
RedDoorz near The Persimmon Cebu,3.6,(28),2-star hotel,,Free Wi-Fi,,₱724,Temporarily closed,
Mayflower Inn,3.9,(230),2-star hotel,Unassuming budget hotel with a cafe,Free parking,Free Wi-Fi,₱587,Temporarily closed,
Dynasty Tourist Inn,3.5,(203),3-star hotel,,Free parking,Free Wi-Fi,,Temporarily closed,
Mactan-Cebu Airport Budget HoteL,4.2,(5),Hotel,,Free parking,Free Wi-Fi,,Temporarily closed,
RedDoorz @ Climaco Street Cebu,3.6,(12),Hotel,,Free parking,Free Wi-Fi,,Temporarily closed,
Hostel 7 Cebu,4.3,(186),Hotel,Laid-back hostel with open-air dining,,,,Temporarily closed,
RedDoorz @ MJ Cuenco Avenue Cebu,3.3,(27),Apartment rental agency,,Free parking,Free Wi-Fi,,Temporarily closed,
8th Street Guesthouse,3.4,(112),2-star hotel,Simple budget hotel with dining,Free Wi-Fi,,,Temporarily closed,
Bee-Force Backpackers Inn-Cebu,3.5,(2),Bed & breakfast,,Free parking,Free Wi-Fi,,Temporarily closed,
VG Pension House,5.0,(2),Inn,,,,,Temporarily closed,
Skypark Pensionne,3.9,(278),2-star hotel,,Spa,Free parking,,Temporarily closed,
WJV Inn,3.6,(31),Hotel,,Free parking,Free Wi-Fi,,Temporarily closed,
OYO 517 Jcad Hotel Lahug,3.0,(8),Hotel,Unassuming budget hotel with a cafe,,,₱587,Temporarily closed,
OYO 485 The Rooms By Alinace,3.7,(25),Hotel,,Free parking,Free Wi-Fi,,Temporarily closed,
RedDoorz near Baclay Drive Super Metro,3.7,(16),Hotel,,,,,Temporarily closed,
Dragon Home Inn,3.8,(184),2-star hotel,Low-key hotel with dining & free parking,Free parking,Free Wi-Fi,,,
Alpa City Suites,4.1,(505),3-star hotel,Relaxed hotel with a restaurant,Free parking,Free Wi-Fi,,,
RedDoorz @ Bankal Lapulapu,2.6,(5),Apartment building,,,,₱849,Temporarily closed,
Naps & Maps,4.0,(180),2-star hotel,,Free Wi-Fi,Free breakfast,,Temporarily closed,
RedDoorz Hernan Cortes,4.3,(20),2-star hotel,,Pool,Free parking,,Temporarily closed,
"La Maria, Pension & Tourist Inn Hotel‎",3.8,(90),2-star hotel,,Free parking,Free Wi-Fi,,Temporarily closed,
Shejoje Poshtel Hostel - 2 Star,4.5,(146),2-star hotel,,Free Wi-Fi,,₱700,Temporarily closed,
RedDoorz near The Persimmon Cebu,3.6,(28),2-star hotel,,Free Wi-Fi,,₱724,Temporarily closed,
Mayflower Inn,3.9,(230),2-star hotel,Unassuming budget hotel with a cafe,Free parking,Free Wi-Fi,₱587,Temporarily closed,
Dynasty Tourist Inn,3.5,(203),3-star hotel,,Free parking,Free Wi-Fi,,Temporarily closed,
Mactan-Cebu Airport Budget HoteL,4.2,(5),Hotel,,Free parking,Free Wi-Fi,,Temporarily closed,
RedDoorz @ Climaco Street Cebu,3.6,(12),Hotel,,Free parking,Free Wi-Fi,,Temporarily closed,
Hostel 7 Cebu,4.3,(186),Hotel,Laid-back hostel with open-air dining,,,,Temporarily closed,
RedDoorz @ MJ Cuenco Avenue Cebu,3.3,(27),Apartment rental agency,,Free parking,Free Wi-Fi,,Temporarily closed,
8th Street Guesthouse,3.4,(112),2-star hotel,Simple budget hotel with dining,Free Wi-Fi,,,Temporarily closed,
Bee-Force Backpackers Inn-Cebu,3.5,(2),Bed & breakfast,,Free parking,Free Wi-Fi,,Temporarily closed,
VG Pension House,5.0,(2),Inn,,,,,Temporarily closed,
Skypark Pensionne,3.9,(278),2-star hotel,,Spa,Free parking,,Temporarily closed,
WJV Inn,3.6,(31),Hotel,,Free parking,Free Wi-Fi,,Temporarily closed,
OYO 517 Jcad Hotel Lahug,3.0,(8),Hotel,Unassuming budget hotel with a cafe,,,₱587,Temporarily closed,
OYO 485 The Rooms By Alinace,3.7,(25),Hotel,,Free parking,Free Wi-Fi,,Temporarily closed,
Hotel San Francisco,2.7,(91),1-star hotel,,,,₱965,Temporarily closed,
Citadines Cebu City,4.8,(35),3-star hotel,Polished apartment hotel with dining,Pool,Free parking,,,
Eastland Hotel and Residences,4.2,(39),3-star hotel,"Simple rooms & suites, plus dining",Free parking,Free Wi-Fi,,,
HEDDA HOTEL CEBU,4.1,(11),Hotel,,Free parking,Free Wi-Fi,₱849,Temporarily closed,
HQ Hostel Cebu,5.0,(25),Hostel,,Spa,Free parking,,Temporarily closed,
OYO 442 Ipark Hotel,3.8,(31),Hotel,Humble budget hotel near Cebu IT Park,,,,Temporarily closed,
Sterling Touch Inn 3,4.5,(4),Inn,,,,"₱1,212",Temporarily closed,
La Place Guesthouse,4.3,(18),,,,,,Temporarily closed,
Cebu Courtyard,3.1,(314),2-star hotel,,Free parking,Free Wi-Fi,₱724,Temporarily closed,
Metro Park Hotel - Mandaue,3.8,(153),2-star hotel,Unassuming budget hotel with a cafe,Free parking,Free Wi-Fi,₱587,Temporarily closed,
Peach Haven,3.6,(11),Hostel,,,,,Temporarily closed,
RedDoorz Plus @ AS Fortuna Cebu,3.9,(37),2-star hotel,,Free parking,Free Wi-Fi,,Temporarily closed,
Pe're Aristo Guesthouse - 1.5 Star,3.6,(61),1-star hotel,,,,,Temporarily closed,
Glogette Guest House - 1 Star,2.7,(3),Hostel,Laid-back hostel with open-air dining,,,₱603,Temporarily closed,
RedDoorz Plus @ Jones Avenue Cebu,3.3,(68),Hotel,,Pool,Free parking,,Temporarily closed,
OYO 157 Casa Venna Pension House,3.2,(25),3-star hotel,Simple budget hotel with dining,Free parking,,₱477,Temporarily closed,
Copenhagen East Residence,3.9,(84),Hotel,,,,,Temporarily closed,
Chambre Hotel Mactan,3.8,(304),2-star hotel,,Pool,Free parking,₱853,Temporarily closed,
Golden Valley Hotel,3.8,(168),3-star hotel,,Free parking,Free Wi-Fi,,Temporarily closed,
Caza Cebu,4.5,(2),Lodging,,,,,Temporarily closed,
RJC HOSTEL AND KARAOKE BAR,5.0,(2),,Unassuming budget hotel with a cafe,,,,Temporarily closed,
Mactan Cebu Waiting Lounge,3.7,(25),Hotel,,,,,Temporarily closed,
magabelle guesthouse - 2 Star,4.3,(38),Bed & breakfast,,Free parking,Free Wi-Fi,₱965,Temporarily closed,
GV Tower Hotel,3.5,(388),3-star hotel,,Free parking,Free Wi-Fi,₱849,Temporarily closed,
Go Land Pension House,4.2,(14),2-star hotel,,,,,Temporarily closed,
Cozy Inn Mactan,4.2,(50),Hotel,Humble budget hotel near Cebu IT Park,Free parking,Free Wi-Fi,"₱1,266",Temporarily closed,
New Era Pension Inn,3.7,(107),2-star hotel,,Free parking,Free Wi-Fi,"₱1,212",Temporarily closed,
Mactan Pension House,3.1,(126),2-star hotel,,Free Wi-Fi,,"₱1,034",Temporarily closed,
Doña Mercedes Hostel - 1.5 Star,3.4,(26),Hostel,,,,₱724,Temporarily closed,
Dragon Home Inn,3.8,(184),2-star hotel,Unassuming budget hotel with a cafe,Free parking,Free Wi-Fi,₱587,Temporarily closed,
OYO 428 Cebu Hilltop Hotel,3.8,(135),3-star hotel,,Pool,Free parking,,Temporarily closed,
Pensionne la Florentina,3.8,(62),2-star hotel,,Free Wi-Fi,,,Temporarily closed,
Nomads Hub Coliving Hostel Cebu,4.7,(45),Hostel,,Free parking,Free Wi-Fi,,Temporarily closed,
Alicia Tower Residences,3.9,(227),2-star hotel,Laid-back hostel with a cafeteria,Free parking,Free Wi-Fi,,Temporarily closed,
The Ancestors Pension,3.8,(81),2-star hotel,,,,,Temporarily closed,
Tropical Hostel Cebu Center,3.6,(64),2-star hotel,Simple budget hotel with dining,,,₱477,Temporarily closed,
Food District Hostel Cebu Central,4.2,(83),Hostel,,,,,Temporarily closed,
Elegant Circle Inn,3.7,(299),3-star hotel,,Free parking,Free Wi-Fi,₱853,Temporarily closed,
Skyblue Hotel - 2 Star,3.3,(120),3-star hotel,,Spa,Free parking,,Temporarily closed,
Cebu Hostel & Glamping,4.5,(2),Hostel,,,,,Temporarily closed,
7 Days Inn,3.6,(16),3-star hotel,Unassuming budget hotel with a cafe,Free parking,Free Wi-Fi,₱500,Temporarily closed,
GV Hotel Lapulapu,3.3,(148),2-star hotel,,Free parking,Free Wi-Fi,,Temporarily closed,
Flory's Inn,3.3,(6),1-star hotel,,,,₱965,Temporarily closed,
Transit Point Mactan Hostel - 1 Star,3.6,(83),2-star hotel,,Free parking,Free Wi-Fi,₱849,Temporarily closed,
Well Hotel,3.9,(138),2-star hotel,,Free parking,Free Wi-Fi,,Temporarily closed,
Chiasti Capsule Hostel,1.0,(1),Hostel,Humble budget hotel near Cebu IT Park,,,"₱1,266",Temporarily closed,
Casa Rosario Hotel,4.0,(68),3-star hotel,,Free parking,Free Wi-Fi,"₱1,212",Temporarily closed,
ZEN Premium Banilad,4.0,(14),3-star hotel,Relaxed budget hotel with a gym,Spa,,,Temporarily closed,
@HOME,3.4,(26),Hostel,,,,₱724,Temporarily closed,
Murals Mactan,4.4,(37),Hostel,Unassuming budget hotel with a cafe,,,₱587,Temporarily closed,
Anri Pension House,3.9,(157),2-star hotel,,Free parking,Free Wi-Fi,,Temporarily closed,
호텔 켈리포니아(Hotel California),3.1,(77),2-star hotel,,,,,Temporarily closed,
MB's Garden Inn,4.2,(186),3-star hotel,,Pool,Free parking,,Temporarily closed,
1521 Hostel,4.4,(68),2-star hotel,Laid-back hostel with a cafeteria,Spa,Free parking,₱765,Temporarily closed,
Park Hill Hotel Mactan,3.1,(313),2-star hotel,Casual hotel with a restaurant & Wi-Fi,Free parking,Free Wi-Fi,,Temporarily closed,
Titan Residence at Mactan Cebu,2.5,(2),Hotel,Simple budget hotel with dining,,,₱477,Temporarily closed,
Express Inn - Osmeña,3.8,(197),3-star hotel,,Pool,Free parking,,Temporarily closed,
RedDoorz Premium @ Wireless Mandaue Cebu,4.2,(103),3-star hotel,,Pool,,₱853,Temporarily closed,
Hotel One,4.3,(8),Hotel,,,,,Temporarily closed,
Elicon House,3.8,(218),Cafe,,,,,Temporarily closed,
Crown Port View Hotel,3.5,(102),2-star hotel,Unassuming budget hotel with a cafe,Free parking,Free Wi-Fi,₱500,Temporarily closed,
Alpa City Suites,4.1,(505),3-star hotel,,Free parking,Free Wi-Fi,,Temporarily closed,
Mactan Condo,3.3,(6),Lodging,,,,₱965,Temporarily closed,
Canberry Hotel,3.8,(180),3-star hotel,,Free parking,Free Wi-Fi,₱849,Temporarily closed,
Rumah Highlands Hotel,4.3,(421),3-star hotel,,Pool,Spa,,Temporarily closed,
OYO 540 Verovino Suites,1.0,(1),Hotel,Humble budget hotel near Cebu IT Park,,,,Temporarily closed,
18 Suites Cebu,4.6,(115),Hotel,Unassuming hotel with free Wi-Fi,Free parking,Free Wi-Fi,,Temporarily closed,
Storyshare Apas,4.0,(26),2-star hotel,Relaxed budget hotel with a gym,Free parking,Free Wi-Fi,,Temporarily closed,
Murals Sleepbox,4.4,(15),Hostel,,,,₱724,Temporarily closed,
Pantawan Guest House - 2 Star,4.2,(34),Hotel,Unassuming budget hotel with a cafe,,,₱587,Temporarily closed,
Mad Monkey Hostel Cebu City,4.6,(501),Hostel,,Pool,Spa,,Temporarily closed,
Palazzo Pensionne - 2.5 Star,4.2,(163),2-star hotel,Low-key hotel with free breakfast,Free parking,Free Wi-Fi,,Temporarily closed,
Cityscape,4.1,(11),3-star hotel,,,,,Temporarily closed,
Island Breeze Hostel - Cebu Central - 1 Star,3.7,(55),2-star hotel,Laid-back hostel with a cafeteria,Free parking,Free Wi-Fi,₱765,Temporarily closed,
The Center Suites,4.0,(270),2-star hotel,Simple budget hotel with a chapel,Free parking,Free Wi-Fi,,Temporarily closed,
Big Dreams Residences,4.4,(58),2-star hotel,Simple budget hotel with dining,Free parking,Free Wi-Fi,₱477,Temporarily closed,
Europa Mansionette Inn - 2 Star,3.7,(104),3-star hotel,,Free breakfast,,,Temporarily closed,
ZEN Rooms M. Velez Street,4.0,(40),3-star hotel,,Free parking,Free Wi-Fi,₱853,Temporarily closed,
Sunday Hostel,3.5,(39),2-star hotel,,Free breakfast,,,Temporarily closed,
Oftana Suites,3.7,(33),2-star hotel,,,,"₱1,143",Temporarily closed,
The Partridge Guesthouse - 2.5 Star,4.3,(16),2-star hotel,Unassuming budget hotel with a cafe,,,₱500,Temporarily closed,
Richmond Plaza Hotel,3.2,(176),3-star hotel,,Free parking,Free Wi-Fi,,Temporarily closed,
Bugoy Bikers Hostel,4.3,(66),2-star hotel,,Free Wi-Fi,,₱965,Temporarily closed,
Sabina Suites,3.7,(20),2-star hotel,,Free parking,Free Wi-Fi,₱849,Temporarily closed,
Cebu Northwinds Hotel,3.8,(287),3-star hotel,"Unassuming rooms, plus free breakfast",Free parking,Free Wi-Fi,,Temporarily closed,
RedDoorz Plus @ Mabolo Cebu,4.0,(59),3-star hotel,Humble budget hotel near Cebu IT Park,Pool,,₱938,Temporarily closed,
Lylie Hotel,3.9,(86),2-star hotel,Low-key budget lodging with free Wi-Fi,Free parking,Free Wi-Fi,,Temporarily closed,
Centro Mactan Suites,4.3,(111),2-star hotel,Modest hotel with free breakfast & Wi-Fi,Free parking,Free Wi-Fi,,Temporarily closed,
Cebu City Center Inn - IT Park,4.1,(9),2-star hotel,,Free parking,Free Wi-Fi,₱724,Temporarily closed,
Cinfandel Suites - 2 Star,3.8,(66),3-star hotel,Unassuming budget hotel with a cafe,Free Wi-Fi,,₱587,Temporarily closed,
Hotel Le Carmen,4.3,(12),Hotel,,,,,Temporarily closed,
Joyful Island Hostel Cebu City,4.0,(7),2-star hotel,Low-key lodging with dining & Wi-Fi,Free Wi-Fi,,,Temporarily closed,
Adelfa Hotel,4.0,(217),2-star hotel,,Free parking,Free Wi-Fi,,Temporarily closed,
La Gloria Residence Inn,3.3,(64),3-star hotel,Laid-back hostel with a cafeteria,Pool,Free parking,₱765,Temporarily closed,
Murals Hostel & Cafe - 2.5 Star,4.6,(124),Hostel,Simple budget hotel with a chapel,,,"₱1,132",Temporarily closed,
CEBU BUDGETEL - IT PARK CITY CENTER,3.4,(7),2-star hotel,Simple budget hotel with dining,,,₱477,Temporarily closed,
One Central Hotel - 3 Star,4.2,(629),3-star hotel,,Pool,Spa,,Temporarily closed,
Cebu Backpackers' Place,4.7,(7),2-star hotel,,Pool,Free Wi-Fi,₱853,Temporarily closed,
1st Avenue Apartelle,3.5,(104),Inn,,,,,Temporarily closed,
NS Royal Hotel,3.6,(198),2-star hotel,Casual hotel with a cafe & city views,Free parking,Free Wi-Fi,,Temporarily closed,
Express Inn Lapu-Lapu,3.3,(425),3-star hotel,Unassuming budget hotel with a cafe,Free parking,Free Wi-Fi,₱500,Temporarily closed,
Crowne Garden Hotel,3.7,(199),2-star hotel,Unassuming lodging with a restaurant,Free parking,Free Wi-Fi,,Temporarily closed,
Manora Apartments and Guest House,4.1,(67),2-star hotel,Laid-back hotel with free breakfast,Free parking,Free Wi-Fi,,Temporarily closed,
B N T Inn,3.2,(19),2-star hotel,,,,₱849,Temporarily closed,Maximo V. Patalinghug Jr. Avenue
The Teepee Place Hostel & Residence Inn,4.0,(3),Hostel,"Unassuming rooms, plus free breakfast",,,"₱1,530",Temporarily closed,
Guest house nodoka ゲストハウスのどか,4.6,(48),2-star hotel,Humble budget hotel near Cebu IT Park,,,₱938,Temporarily closed,309 A. S. Fortuna St
Hotel Pier Cuatro,3.7,(502),2-star hotel,Low-key budget lodging with free Wi-Fi,,,"₱1,107",Temporarily closed,3rd Ave
Hotel Fortuna,4.0,(144),3-star hotel,Modest hotel with free breakfast & Wi-Fi,,,"₱1,150",Temporarily closed,26 A. Borromeo St
Metro Park Hotel - Cebu City,3.2,(56),2-star hotel,,,,₱724,Temporarily closed,"Saint Lawrence Street, La Guardia St"
Oftana Suites,3.9,(13),3-star hotel,Unassuming budget hotel with a cafe,,,₱587,Temporarily closed,P.Remedio St
Hotel Stella,3.3,(268),3-star hotel,,,,,Temporarily closed,Don Gil Garcia St
Mactan District Budgetel-Lapu-Lapu Cebu,2.6,(8),2-star hotel,Low-key lodging with dining & Wi-Fi,,,"₱1,284",Temporarily closed,5 Mustang Rd
Azia Suites & Residences,4.0,(328),3-star hotel,,,,,Temporarily closed,8 Rahmann Extension
Fuente Oro Business Suites,3.9,(187),3-star hotel,Laid-back hostel with a cafeteria,,,₱765,Temporarily closed,Gov. M. Roa St
Sebastien Hotel - Mactan,4.0,(256),3-star hotel,Simple budget hotel with a chapel,,,"₱1,132",Temporarily closed,"M.L. Quezon Higway, Ibabao - Gisi - Agus Rd"
Holiday Spa Hotel,3.9,(274),3-star hotel,Simple budget hotel with dining,,,₱477,Temporarily closed,Gov. M. Cuenco Ave
Toyoko Inn Cebu,4.0,"(1,680)",3-star hotel,Simple hotel offering free breakfast,,,,Temporarily closed,"Jcentre Mall, 165 A. S. Fortuna St"
Crown Regency Residences Cebu,3.5,(318),3-star hotel,,,,₱853,Temporarily closed,"Guadalupe, V Rama Ave"
OYO 182 Countess Pension House,4.0,(53),2-star hotel,,,,,Temporarily closed,"0, North Road, Liloan"
Felix Residences,4.1,(132),Hotel,Casual hotel with a cafe & city views,,,"₱1,437",Temporarily closed,
Verbena Hotel,4.0,(141),2-star hotel,Unassuming budget hotel with a cafe,,,₱500,Temporarily closed,584 Don Gil Garcia St
Holiday Plaza Hotel,3.6,(216),3-star hotel,Relaxed lodging with low-key dining,,,"₱1,162",Temporarily closed,F. Ramos St
Mezzo Hotel,4.0,(456),4-star hotel,Laid-back hotel with free breakfast,,,"₱1,220",Temporarily closed,"F. Cabahug, Pres. Quezon St"
Travelbee Capitol Inn,3.7,(43),2-star hotel,,,,₱849,Temporarily closed,
Escario Central Hotel,4.2,(184),2-star hotel,"Unassuming rooms, plus free breakfast",Free parking,Free Wi-Fi,"₱1,530",Temporarily closed,
WJV inn Basak Mandaue,4.6,(48),Hotel,Humble budget hotel near Cebu IT Park,,,₱938,Temporarily closed,
Guest House Nodoka,5.0,(3),Hotel,Low-key budget lodging with free Wi-Fi,Pool,Free Wi-Fi,"₱1,107",Temporarily closed,
Andy Hotel,3.8,(467),2-star hotel,Modest hotel with free breakfast & Wi-Fi,Free parking,Free Wi-Fi,"₱1,150",Temporarily closed,
Gratitude Pension House,3.7,(163),Inn,,Free Wi-Fi,,₱724,Temporarily closed,
The Beverly Boutique Business Hotel,4.1,(165),3-star hotel,Unassuming budget hotel with a cafe,Free parking,Free Wi-Fi,₱587,Temporarily closed,
Balai Flordeliza Guest House,3.3,(268),Lodging,,,,,Temporarily closed,
Leope Hotel,4.0,(329),3-star hotel,Low-key lodging with dining & Wi-Fi,Free parking,Free Wi-Fi,"₱1,284",Temporarily closed,
Cityscape Hotel Cebu and Mandaue (Official),3.6,(220),3-star hotel,,Pool,Free parking,,Temporarily closed,
Hamersons Hotel - Best Affordable Hotel Near Fuente Osmeña Circle,4.0,(233),3-star hotel,Laid-back hostel with a cafeteria,Free parking,Free Wi-Fi,₱765,Temporarily closed,
Honeybee Royal Inn,3.8,(11),2-star hotel,Simple budget hotel with a chapel,Free Wi-Fi,Free breakfast,"₱1,132",Temporarily closed,
The Orchard Cebu,3.4,(178),3-star hotel,Simple budget hotel with dining,Spa,Free parking,₱477,Temporarily closed,
ZEN Rooms Zapatera,5.0,(2),2-star hotel,Simple hotel offering free breakfast,,,,Temporarily closed,
Southpole Central Hotel,3.8,(194),3-star hotel,,Spa,Free parking,₱853,Temporarily closed,
VIVIEN'S HOTEL,4.4,(75),Hotel,,Free parking,Free Wi-Fi,,Temporarily closed,
Rublin Hotel Cebu,3.8,(93),Hotel,Casual hotel with a cafe & city views,Free parking,Free Wi-Fi,"₱1,437",Temporarily closed,
Cebuview Tourist Inn,3.8,(124),2-star hotel,Unassuming budget hotel with a cafe,Pool,Free Wi-Fi,₱500,Temporarily closed,
Amaris Bed & Breakfast,4.4,(203),3-star hotel,Relaxed lodging with low-key dining,Free Wi-Fi,Free breakfast,"₱1,162",Temporarily closed,
Amethyst Boutique Hotel Cebu,4.6,(69),3-star hotel,Casual hotel with dining & event space,Free parking,Free Wi-Fi,,Temporarily closed,
Allure Hotel & Suites,3.9,(295),3-star hotel,,,,₱849,Temporarily closed,
Mactan Backpackers Inn,4.1,(24),2-star hotel,"Unassuming rooms, plus free breakfast",,,"₱1,530",Temporarily closed,"Tiangue Rd Babag-Looc Road,"
ACE Penzionne,3.7,(115),3-star hotel,Humble budget hotel near Cebu IT Park,,,₱938,Temporarily closed,"Behik Building, 2483 M.L. Quezon National Highway"
Uncle Tom's Cabin Hotel,4.2,(484),3-star hotel,Low-key budget lodging with free Wi-Fi,,,"₱1,107",Temporarily closed,M. P. Yap St
RedDoorz Plus near Mango Avenue Cebu,3.9,(16),Hotel,Modest hotel with free breakfast & Wi-Fi,,,"₱1,150",Temporarily closed,Juana Osmeña St
Paragon Suites,3.8,(95),3-star hotel,,,,₱724,Temporarily closed,91 Juana Osmeña St
Diamond Suites and Residences,3.7,(440),3-star hotel,Unassuming budget hotel with a cafe,,,₱587,Temporarily closed,8 Apitong St
The Maxwell Hotel,3.8,(310),3-star hotel,,,,,Temporarily closed,N Escario St
New Era Mandaue Budget Hotel,3.8,(213),2-star hotel,Low-key lodging with dining & Wi-Fi,,,"₱1,284",Temporarily closed,"J.L. Briones St. (known as Plaridel St.), Purok Mangga, Cambaro"
Archer's Field Inn,3.5,(48),Inn,,,,,Temporarily closed,Kulo
Palm Grass The Cebu Heritage Hotel,4.1,(379),3-star hotel,Down-to-earth lodging with a rooftop bar,,,₱765,Temporarily closed,"Barangay Kalubihan 68 General, Junquera St"
Eloisa Royal Suites,4.0,(530),3-star hotel,Simple budget hotel with a chapel,,,"₱1,132",Temporarily closed,Maximo V. Patalinghug Jr. Avenue
Harolds,4.6,(9),4-star hotel,Simple budget hotel with dining,,,₱477,Temporarily closed,Gonordo Ave
Coconut Pension House,3.9,(164),3-star hotel,Simple hotel offering free breakfast,,,,Temporarily closed,"Bagumbayan Uno, Maribago"
Alicia Apartelle,4.2,(377),3-star hotel,,,,₱853,Temporarily closed,Gov. M. Cuenco Ave
JRM (Mariner's)Travellers Inn,4.4,(75),Inn,,,,,Temporarily closed,"Barangay Suba, Samboan"
WJV inn Consolacion,4.0,(2),Hotel,Casual hotel with a cafe & city views,,,"₱1,437",Temporarily closed,back of city mall
OYO 569 Alt Complex,3.8,(124),Hotel,Unassuming budget hotel with a cafe,,,₱500,Temporarily closed,Kinalumsan street Gun-ob Lapu-lapu city
Frankfurter Deluxe Inn,4.3,(85),2-star hotel,Relaxed lodging with low-key dining,,,"₱1,162",Temporarily closed,Imus Ave
Pillows Hotel,4.0,(385),3-star hotel,Laid-back lodging with a cafe & a gym,,,"₱1,520",Temporarily closed,"6000, 208 Gov. M. Roa St"
Wellcome Hotel,3.9,(585),3-star hotel,,,,₱849,Temporarily closed,18 Molave St
Alfheim resort,3.9,(66),3-star hotel,"Unassuming rooms, plus free breakfast",,,"₱1,530",Temporarily closed,
Lapu-Lapu Cottages & Restaurant,4.2,(125),,Humble budget hotel near Cebu IT Park,,,₱938,Temporarily closed,
Asia Light Hotel,4.0,(67),3-star hotel,Low-key budget lodging with free Wi-Fi,,,"₱1,107",Temporarily closed,79 Don Gil Garcia St
Apartelle De Arcenas,4.0,(16),2-star hotel,Modest hotel with free breakfast & Wi-Fi,,,"₱1,150",Temporarily closed,Coast Pacific Rd
MJ Hotel & Suites,4.0,(199),3-star hotel,,,,₱724,Temporarily closed,80 Apitong St
M Citi Suites,3.9,(169),3-star hotel,Unassuming budget hotel with a cafe,,,₱587,Temporarily closed,J. Llorente St
RedDoorz Plus near Cebu Capitol,3.9,(46),3-star hotel,,,,,Temporarily closed,N Escario St
V&F Travelers Inn,4.3,(3),Inn,Low-key lodging with dining & Wi-Fi,,,"₱1,284",Temporarily closed,Purok Gumamela 1 Corner St. Joseph Parish Church
Jo-Cris Apartelle,3.7,(11),2-star hotel,,,,,Temporarily closed,"Kainsong Street, Barangay Basak, Lapu-Lapu City, Cebu"
Alto Pension House,3.5,(2),Hotel,Down-to-earth lodging with a rooftop bar,,,₱765,Temporarily closed,Dionisio Jakosalem St
S Hotel & Residence,4.2,(274),3-star hotel,Simple budget hotel with a chapel,,,"₱1,132",Temporarily closed,827 M. Velez St
Castle Peak Hotel,4.0,"(1,073)",3-star hotel,Simple budget hotel with dining,,,₱477,Temporarily closed,F. Cabahug St
Crown Regency Hotel & Towers,3.8,"(2,187)",4-star hotel,Simple hotel offering free breakfast,,,,Temporarily closed,Osmeña Blvd
Allsons Inn,2.9,(7),3-star hotel,Unpretentious hotel with a rooftop deck,,,₱853,Temporarily closed,
Flory's Inn Cebu,5.0,(1),,,,,,Temporarily closed,"Nara Street, Tayud Liloan, Cebu"
Goldberry Suites and Hotel,4.0,(466),3-star hotel,Casual hotel with a cafe & city views,,,"₱1,437",Temporarily closed,M.L. Quezon National Highway
Eastland Hotel and Residences,4.2,(39),3-star hotel,Unassuming budget hotel with a cafe,,,₱500,Temporarily closed,#43 Pres. Roxas St
Travel Bee Inn,4.2,(9),2-star hotel,Relaxed lodging with low-key dining,,,"₱1,162",Temporarily closed,297 Don Gil Garcia St
San's Inn Mactan - 3 Star,3.5,(101),2-star hotel,Laid-back lodging with a cafe & a gym,,,"₱1,520",Temporarily closed,Sitio Kauswagan
St. Mark Hotel,4.1,(339),3-star hotel,,,,₱849,Temporarily closed,"Queens Road, Redemptorist Plaza"
WJV Inn Humay Humay,1.8,(6),Hotel,"Unassuming rooms, plus free breakfast",,,"₱1,530",Temporarily closed,Humay-Humay Rd
Cebu Hotel Plus,4.3,(189),3-star hotel,Humble budget hotel near Cebu IT Park,,,₱938,Temporarily closed,0332 Don Mariano Cui St
Zen Life Guest House,5.0,(13),Hotel,Low-key budget lodging with free Wi-Fi,,,"₱1,107",Temporarily closed,F. Gochan St
Rajah Park Hotel's,3.8,(445),3-star hotel,Modest hotel with free breakfast & Wi-Fi,,,"₱1,150",Temporarily closed,"Benigno DU Building, Fuente Osmeña Cir"
Dohera Hotel,4.0,(541),3-star hotel,,,,₱724,Temporarily closed,A.C Cortes Street
Bayfront Hotel Cebu,4.1,"(2,277)",3-star hotel,Casual lodging with dining & water views,,,₱587,Temporarily closed,Kaohsiung St
The Golden Peak Hotel & Suites,3.9,(347),3-star hotel,,,,,Temporarily closed,"corner Philippines, Gorordo Ave"
Travelbee Business Inn,3.9,(219),2-star hotel,Low-key lodging with dining & Wi-Fi,,,"₱1,284",Temporarily closed,D. Jakosalem Street
Matilde's House - Mactan Cebu Transient House,4.4,(5),2-star hotel,,,,,Temporarily closed,BF Townhomes Abuno
ABC Hotel Cebu,4.2,(505),3-star hotel,Down-to-earth lodging with a rooftop bar,,,₱765,Temporarily closed,107 F. Ramos St
Dulcinea Hotel and Suites Cebu,4.0,(195),3-star hotel,Casual hotel with a free airport shuttle,,,"₱1,132",Temporarily closed,404 M.L. Quezon National Highway
In & Go Hotel,3.7,(20),Hotel,Simple budget hotel with dining,,,₱477,Temporarily closed,"E Sabellano, Corner Granada Streets"
Lord’s Inn,3.8,"(2,187)",Inn,Simple hotel offering free breakfast,,,,Temporarily closed,70 F. Gochan St
Travelbee Fuente Inn,4.0,(42),3-star hotel,Unpretentious hotel with a rooftop deck,,,₱853,Temporarily closed,J. Llorente St
Cebu Grand Hotel,3.7,(286),3-star hotel,,,,,Temporarily closed,64 N Escario St
Cuarto Hotel Cebu,4.5,(300),3-star hotel,Casual hotel with a cafe & city views,,,"₱1,437",Temporarily closed,"DJ Llorente and DG, Corner, Don Gil Garcia St"
Aquamarine Studio,5.0,(1),Inn,Unassuming budget hotel with a cafe,,,₱500,Temporarily closed,3/F UNIT 160 BUILDING 2 CLUSTER J/A1 DR P U ABELLA ST
Vacation Hotel Cebu,3.9,(97),3-star hotel,Relaxed lodging with low-key dining,,,"₱1,162",Temporarily closed,35 Juana Osmeña St
Cebu Westown Lagoon,4.2,"(1,225)",3-star hotel,Laid-back lodging with a cafe & a gym,,,"₱1,520",Temporarily closed,mo2 entertainment complex
Waterfront Airport Hotel & Casino Mactan,4.0,"(1,433)",4-star hotel,High-end airport hotel with a casino,,,₱849,Temporarily closed,1 Mactan Airport Rd
Mövenpick Hotel Mactan Island Cebu,4.5,"(3,390)",5-star hotel,Sleek hotel with a private beach & spa,,,"₱1,530",Temporarily closed,Mactan Island
Tropical Hostel Cebu,3.4,(50),1-star hotel,Humble budget hotel near Cebu IT Park,,,₱938,Temporarily closed,"JY Crown Palace, 2nd floor, Apas, Edison St"
Seda Ayala Center Cebu,4.3,"(1,273)",4-star hotel,Low-key budget lodging with free Wi-Fi,,,"₱1,107",Temporarily closed,"PH, Cardinal Rosales Ave"
Crown Regency Suites & Residences,3.7,(459),4-star hotel,Modest hotel with free breakfast & Wi-Fi,,,"₱1,150",Temporarily closed,Maximo V. Patalinghug Jr. Avenue
Summit Galleria Cebu,4.3,(554),3-star hotel,Trendy lodging with a pool & dining,,,₱724,Temporarily closed,General Maxilom Ave Ext
Mandarin Plaza Hotel,4.0,"(1,406)",3-star hotel,Casual lodging with dining & water views,,,₱587,Temporarily closed,Archbishop Reyes Ave
B n T Inn,5.0,(1),2-star hotel,,,,,Temporarily closed,"Barangay Basak, Mactan Island"
Olango Bonita Inn,3.8,(11),Hotel,Low-key lodging with dining & Wi-Fi,,,"₱1,284",Temporarily closed,Suba
Cebu Parklane International Hotel,4.2,"(1,739)",4-star hotel,,,,,Temporarily closed,N Escario St
Sarrosa International Hotel & Residential Suites,3.9,(556),3-star hotel,Down-to-earth lodging with a rooftop bar,,,₱765,Temporarily closed,"Ayala access road (axis), Kasambagan, F. Cabahug St"
Harolds Hotel Cebu,4.4,"(1,193)",4-star hotel,Casual hotel with a free airport shuttle,,,"₱1,132",Temporarily closed,C. Rosal St
The Henry Hotel Cebu,4.3,(444),4-star hotel,Simple budget hotel with dining,,,₱477,Temporarily closed,"One Paseo Compound, Ma, Paseo Saturnino"
Quest Hotel and Conference Center - Cebu,4.3,"(2,817)",3-star hotel,Informal lodging with dining & a pool,,,,Temporarily closed,Archbishop Reyes Ave
Radisson Blu Cebu,4.5,"(2,918)",5-star hotel,High-end pick with a lavish outdoor pool,,,₱853,Temporarily closed,"Serging Osmena Boulevard, Corner Juan Luna Avenue"
Nanaymo Hostel & Specialty Coffee,4.9,(24),Cafe,,,,,Temporarily closed,8 - 2 Julio Diaz St
Carcar Travellers Inn,3.8,(34),Hotel,Casual hotel with a cafe & city views,,,"₱1,437",Temporarily closed,"Valladolid, Cebu S Rd"
Red Planet Cebu,4.0,"(1,055)",2-star hotel,Unassuming budget hotel with a cafe,,,₱500,Temporarily closed,36 Archbishop Reyes Ave
Bert's Condotel,4.1,(15),3-star hotel,Relaxed lodging with low-key dining,,,"₱1,162",Temporarily closed,M. C. Briones St
Waterfront Hotel & Casino Cebu City,4.3,"(4,434)",4-star hotel,Grand hotel with a casino & 24/7 dining,,,"₱1,520",Temporarily closed,Salinas Dr
Marco Polo Plaza Cebu,4.5,"(2,615)",3-star hotel,Low-key hotel with dining & pools,,,₱849,Temporarily closed,"Nivel Hills, Cebu Veterans Dr"
The Bellavista Hotel,3.7,(340),3-star hotel,Sleek hotel with a private beach & spa,,,"₱1,530",Temporarily closed,
Summit Circle Cebu,3.9,(323),3-star hotel,Humble budget hotel near Cebu IT Park,,,₱938,Temporarily closed,Fuente Osmeña Cir
Cebu Fiesta,3.8,(50),2-star hotel,Low-key budget lodging with free Wi-Fi,,,"₱1,107",Temporarily closed,"Cebu Fiesta 127 A. Bonifacio St, Cor Dionisio Jakosalem St"
Hotel Elizabeth Cebu,4.1,(777),4-star hotel,Modest hotel with free breakfast & Wi-Fi,,,"₱1,150",Temporarily closed,Archbishop Reyes Ave