section-result-title,cards-rating-score,section-result-num-ratings,section-result-details,section-result-location,section-result-info,section-result-info 2,section-result-action href,section-result-action-icon src 2,section-result-action-text 2,section-result-info 3
The One Family Clinic & Laboratory Co.,3.9,(485),Medical clinic,#22 R. Duterte St,Open until 8:00 pm,(032) 261 0643,,,,
LH Prime Medical Clinic Mandaue,3.7,(19),Medical clinic,A. S. Fortuna St,,0917 871 5053,http://www.lhprime.com/,https://www.gstatic.com/images/icons/material/system_gm/1x/public_gm_blue_20dp.png,Website,
HealthFirst Clinic,2.3,(3),Medical clinic,"Level 1, i2 Building, Jose Maria del Mar Street Cebu IT Park",,(032) 236 6986,http://www.healthfirst.com.ph/,https://www.gstatic.com/images/icons/material/system_gm/1x/public_gm_blue_20dp.png,Website,
Larida Medical Clinic,,,Medical clinic,,Open until 10:00 pm,(032) 514 0054,,,,
MyHealth Clinic-Cybergate Cebu,2.3,(45),Medical clinic,"3rd Level Robinsons Cybergate Mall, Fuente Osmena, Don Gil Garcia St",Open until 7:00 pm,(032) 268 8502,http://www.myhealth.com.ph/,https://www.gstatic.com/images/icons/material/system_gm/1x/public_gm_blue_20dp.png,Website,
"Good News Medical Clinic, Inc.",5.0,(1),Medical clinic,A.S.Fortuna,,(032) 345 8083,,,,
Friendly Care Clinic,3.7,(17),Medical clinic,Legaspi Ext.,Opens at 7:00 am,(032) 254 7446,https://www.friendlycareclinic.com/cebu-clinic/,https://www.gstatic.com/images/icons/material/system_gm/1x/public_gm_blue_20dp.png,Website,Closed
White Cross Medical Clinic,4.5,(2),Medical clinic,"Room 205 Teodora Building, Osmeña Boulevard, Corner Dionisio Jakosalem St",,(032) 255 0305,https://whitecrossmedicalcliniccebu.business.site/,https://www.gstatic.com/images/icons/material/system_gm/1x/public_gm_blue_20dp.png,Website,Closed today
Abella Clinic,4.0,(1),Medical clinic,Tres de Abril St,,(032) 515 8490,,,,
Dr. Fernando G. Arcibal Medical Clinic,5.0,(1),Medical clinic,Maximo V. Patalinghug Jr. Avenue,Open until 7:00 pm,(032) 512 8658,,,,
LH Prime Medical Clinic (Mactan Airport),4.0,(4),Medical clinic,Matumbo-Pusok Road,,0917 716 1393,http://www.lhprime.com/,https://www.gstatic.com/images/icons/material/system_gm/1x/public_gm_blue_20dp.png,Website,Temporarily closed
Clinic & Laboratory,,,Medical clinic,"Tiangue Rd,Babag-Looc Road",,0906 756 5895,,,,
Medical & Dental Clinic,,,Medical clinic,Colon St,,(032) 253 7401,,,,
AOS Aesthetic Clinic,4.6,(7),Medical clinic,"Rivergate Bldg., General Maxilom Ave",,(032) 520 9998,http://www.aosaesthetic.com/,https://www.gstatic.com/images/icons/material/system_gm/1x/public_gm_blue_20dp.png,Website,
LH Prime Medical Clinic Labangon,3.9,(18),Medical laboratory,"F. Llamas St. Punta Princesa Labangon, Cebu City",,(032) 261 5109,http://www.lhprime.com/,https://www.gstatic.com/images/icons/material/system_gm/1x/public_gm_blue_20dp.png,Website,Temporarily closed
"Aventus Medical Care, Inc. Cebu IT Park Clinic",1.8,(35),Medical clinic,Unit 203 TGU Tower Block 1 Lot 6 & 7 Phase 1 Asia Town,Opens at 7:00 am,(032) 268 8072,,,,Closed
LH Prime Medical Clinic,4.3,(4),Medical clinic,A.S. Fortuna Street,Opens at 6:00 am,(032) 345 3488,http://www.lhprime.com/,https://www.gstatic.com/images/icons/material/system_gm/1x/public_gm_blue_20dp.png,Website,Closed
Quick Care Medical Clinic,5.0,(1),Medical clinic,Fidel Bas,,,,,,
Tiongson- Lim Medical Clinic,5.0,(2),Medical clinic,V Rama Ave,Open until 7:00 pm,(032) 254 5473,http://limpiredigital.com/,https://www.gstatic.com/images/icons/material/system_gm/1x/public_gm_blue_20dp.png,Website,
Maxicare Primary Care Center Clinic,3.0,(2),Medical clinic,,Open until 10:00 pm,(032) 260 9067,http://www.maxicare.com.ph/,https://www.gstatic.com/images/icons/material/system_gm/1x/public_gm_blue_20dp.png,Website,
The One Family Clinic & Laboratory Co.,3.9,(485),Medical clinic,#22 R. Duterte St,Open until 8:00 pm,(032) 261 0643,,,,
LH Prime Medical Clinic Mandaue,3.7,(19),Medical clinic,A. S. Fortuna St,,0917 871 5053,http://www.lhprime.com/,https://www.gstatic.com/images/icons/material/system_gm/1x/public_gm_blue_20dp.png,Website,
HealthFirst Clinic,2.3,(3),Medical clinic,"Level 1, i2 Building, Jose Maria del Mar Street Cebu IT Park",,(032) 236 6986,http://www.healthfirst.com.ph/,https://www.gstatic.com/images/icons/material/system_gm/1x/public_gm_blue_20dp.png,Website,
Larida Medical Clinic,,,Medical clinic,,Open until 10:00 pm,(032) 514 0054,,,,
MyHealth Clinic-Cybergate Cebu,2.3,(45),Medical clinic,"3rd Level Robinsons Cybergate Mall, Fuente Osmena, Don Gil Garcia St",Open until 7:00 pm,(032) 268 8502,http://www.myhealth.com.ph/,https://www.gstatic.com/images/icons/material/system_gm/1x/public_gm_blue_20dp.png,Website,
"Good News Medical Clinic, Inc.",5.0,(1),Medical clinic,A.S.Fortuna,,(032) 345 8083,,,,
Friendly Care Clinic,3.7,(17),Medical clinic,Legaspi Ext.,Opens at 7:00 am,(032) 254 7446,https://www.friendlycareclinic.com/cebu-clinic/,https://www.gstatic.com/images/icons/material/system_gm/1x/public_gm_blue_20dp.png,Website,Closed
White Cross Medical Clinic,4.5,(2),Medical clinic,"Room 205 Teodora Building, Osmeña Boulevard, Corner Dionisio Jakosalem St",,(032) 255 0305,https://whitecrossmedicalcliniccebu.business.site/,https://www.gstatic.com/images/icons/material/system_gm/1x/public_gm_blue_20dp.png,Website,Closed today
Abella Clinic,4.0,(1),Medical clinic,Tres de Abril St,,(032) 515 8490,,,,
Dr. Fernando G. Arcibal Medical Clinic,5.0,(1),Medical clinic,Maximo V. Patalinghug Jr. Avenue,Open until 7:00 pm,(032) 512 8658,,,,
LH Prime Medical Clinic (Mactan Airport),4.0,(4),Medical clinic,Matumbo-Pusok Road,,0917 716 1393,http://www.lhprime.com/,https://www.gstatic.com/images/icons/material/system_gm/1x/public_gm_blue_20dp.png,Website,Temporarily closed
Clinic & Laboratory,,,Medical clinic,"Tiangue Rd,Babag-Looc Road",,0906 756 5895,,,,
Medical & Dental Clinic,,,Medical clinic,Colon St,,(032) 253 7401,,,,
AOS Aesthetic Clinic,4.6,(7),Medical clinic,"Rivergate Bldg., General Maxilom Ave",,(032) 520 9998,http://www.aosaesthetic.com/,https://www.gstatic.com/images/icons/material/system_gm/1x/public_gm_blue_20dp.png,Website,
LH Prime Medical Clinic Labangon,3.9,(18),Medical laboratory,"F. Llamas St. Punta Princesa Labangon, Cebu City",,(032) 261 5109,http://www.lhprime.com/,https://www.gstatic.com/images/icons/material/system_gm/1x/public_gm_blue_20dp.png,Website,Temporarily closed
"Aventus Medical Care, Inc. Cebu IT Park Clinic",1.8,(35),Medical clinic,Unit 203 TGU Tower Block 1 Lot 6 & 7 Phase 1 Asia Town,Opens at 7:00 am,(032) 268 8072,,,,Closed
LH Prime Medical Clinic,4.3,(4),Medical clinic,A.S. Fortuna Street,Opens at 6:00 am,(032) 345 3488,http://www.lhprime.com/,https://www.gstatic.com/images/icons/material/system_gm/1x/public_gm_blue_20dp.png,Website,Closed
Quick Care Medical Clinic,5.0,(1),Medical clinic,Fidel Bas,,,,,,
Tiongson- Lim Medical Clinic,5.0,(2),Medical clinic,V Rama Ave,Open until 7:00 pm,(032) 254 5473,http://limpiredigital.com/,https://www.gstatic.com/images/icons/material/system_gm/1x/public_gm_blue_20dp.png,Website,
Maxicare Primary Care Center Clinic,3.0,(2),Medical clinic,,Open until 10:00 pm,(032) 260 9067,http://www.maxicare.com.ph/,https://www.gstatic.com/images/icons/material/system_gm/1x/public_gm_blue_20dp.png,Website,
ActiveOne Clinic,3.0,(4),Medical clinic,Jose Maria del Mar St,Opens at 8:00 am,(032) 236 6986,http://www.activeonehealth.com/,https://www.gstatic.com/images/icons/material/system_gm/1x/public_gm_blue_20dp.png,Website,Closed
Maayo Medical Clinic,4.4,(39),Medical clinic,"North Park, UN Avenue corner Plaridel Street, Alang-alang",Closing soon: 6:00 pm,(032) 888 2662,http://www.maayomedical.com/,https://www.gstatic.com/images/icons/material/system_gm/1x/public_gm_blue_20dp.png,Website,
Sto. Nino Diagnostic Clinic,4.0,(3),Diagnostic center,"A&D Building, B. Rodriguez St",Opens at 8:30 am,(032) 254 9485,,,,Closed
Dr. B-B TIU Medical and Ultrasound Clinic,4.4,(10),Medical clinic,435 J. Alcantara St,Opens at 8:00 am,(032) 416 4956,https://m.facebook.com/drbbtiu/,https://www.gstatic.com/images/icons/material/system_gm/1x/public_gm_blue_20dp.png,Website,Closed
Tapang Medical Clinic,5.0,(1),Medical clinic,Babag-Looc Road,Open until 7:00 pm,(032) 268 8502,,,,
Mom and Kids Clinic,4.7,(11),Women's health clinic,"2nd Floor, E&P Arcade, Maximo V. Patalinghug Jr. Avenue, Lapu-Lapu City, Cebu, Maximo V. Patalinghug Jr. Avenue",Closing soon: 6:00 pm,(032) 495 3725,https://www.facebook.com/momandkidstamiya/,https://www.gstatic.com/images/icons/material/system_gm/1x/public_gm_blue_20dp.png,Website,
Clinic,3.7,(17),Medical clinic,Lawis,Opens at 7:00 am,(032) 495 6606,,,,Closed
MyHealth Clinic - Robinsons Galleria Cebu,4.0,(1),Medical clinic,Robinsons Galleria Cebu,Open until 9:00 pm,(032) 232 1200,http://myhealth.ph/,https://www.gstatic.com/images/icons/material/system_gm/1x/public_gm_blue_20dp.png,Website,Closed today
DE ASIS MEDICAL CLINIC ( Norzel Medical and Diagnostic Clinic ),5.0,(1),Medical clinic,Tagunol St,,(032) 239 0068,,,,Closed today
Urgel Clinic (Family Medicine & Pediatrics),5.0,(1),Medical clinic,"Unit 4 G/F VNU Arcade II, Hernan Cortes St",Reopens at 6:00 pm,(032) 512 8658,,,,Closed
Kim Doctors' Medical Clinic,5.0,(1),Medical clinic,Datag,Open until 10:00 pm,(032) 564 2341,https://www.facebook.com/Kim-Doctors-Medical-Clinic-562913583812344/,https://www.gstatic.com/images/icons/material/system_gm/1x/public_gm_blue_20dp.png,Website,Temporarily closed
Dr. Alejandro S. Montejo,5.0,(3),Medical clinic,Poblacion,,(032) 272 3848,,,,
University Clinic,,,Medical clinic,University of San Carlos,Open until 8:00 pm,(032) 230 0100,,,,
Medical Clinic,4.6,(7),Medical clinic,Buhisan Rad,,(032) 381 5631,,,,
LH Prime Medical Clinic Mandaue,3.8,(6),Medical clinic,"A.S. Fortuna Street, Bakilid Mandaue City, Philippines 6014",,(032) 345 3488,http://www.lhprime.com/,https://www.gstatic.com/images/icons/material/system_gm/1x/public_gm_blue_20dp.png,Website,Temporarily closed
Hi-Precision Diagnostics,3.8,(17),Medical clinic,MV Patalinhug Avenue,Opens at 6:00 am,(032) 520 1142,http://www.hi-precision.com.ph/,https://www.gstatic.com/images/icons/material/system_gm/1x/public_gm_blue_20dp.png,Website,Closed
"Gerry H. Tan, MD Clinic",5.0,(1),Medical clinic,"Room 204, Medical Arts Building 1, Cebu Doctor's University Hospital, Osmeña Boulevard, Cebu City, Cebu",Opens at 6:00 am,(032) 412 4803,http://www.docgerrytan.com/,https://www.gstatic.com/images/icons/material/system_gm/1x/public_gm_blue_20dp.png,Website,Closed today
Bas Medical Clinic,5.0,(1),Medical clinic,985 Natalio B. Bacalso Ave,,(032) 491 7262,,,,
HP Plus - WES Building,5.0,(2),Medical clinic,"Wes Bldg., J. Llorente St",Opens at 6:00 am,(032) 256 0151,http://hi-precision.com.ph/,https://www.gstatic.com/images/icons/material/system_gm/1x/public_gm_blue_20dp.png,Website,Closed
Maxicare Healthcare Corporation - Primary Care Center,2.4,(10),Medical clinic,"Lot 5, Block 6, Mindanao Avenue, Cebu Business Park, Ayala",Open until 10:00 pm,0917 828 8423,http://www.maxicare.com.ph/,https://www.gstatic.com/images/icons/material/system_gm/1x/public_gm_blue_20dp.png,Website,
Heaven's Eyes Clinic,5.0,(2),Medical clinic,"I, 164 J. Urgello St",Opens at 8:00 am,(032) 360 4105,,,,Closed
Duyongco Maternity Clinic,2.3,(3),Women's health clinic,N. Bacalso National Highway,Closing soon: 6:00 pm,(032) 272 6148,https://www.facebook.com/pages/Duyongco-Maternity-Clinic/436015393200509,https://www.gstatic.com/images/icons/material/system_gm/1x/public_gm_blue_20dp.png,Website,
Tang Medical Clinic Tabunok,5.0,(1),Medical clinic,Z-2 849,Open until 8:00 pm,(032) 272 2907,https://tang-medical-clinic-tabunok.business.site/,https://www.gstatic.com/images/icons/material/system_gm/1x/public_gm_blue_20dp.png,Website,Closed
Abella dental care clinic,5.0,(4),Dental clinic,Ompad St,Closing soon: 6:00 pm,(032) 233 7637,,,,Closed
My OPM Clinic - Ray Alivio,5.0,(2),Medical clinic,Robinsons Cybergate,Open until 7:00 pm,0922 385 8373,,,,
Asian Oriental Medical Clinic,5.0,(3),Acupuncture clinic,,Closing soon: 6:00 pm,0917 596 0236,,,,
Tan-Chua Dental Care Clinic,5.0,(2),Dental clinic,"Erlinda Badilles, 481 Kinasang - An",Closing soon: 6:00 pm,(032) 273 3879,,,,Closed
Cebu Skin Clinic,4.3,(9),Skin care clinic,M. J. Cuenco Ave,Open until 8:00 pm,0906 083 8645,,,,Closed today
Cinco Felipe Clinic,5.0,(1),Eye care center,"Cinco Centrum Building, Fuente Osmeña Street",Opens at 9:00 am,(032) 253 8266,,,,Closed
Dr. Christine Fernandez Eye Clinic,5.0,(1),Eye care center,"Lower Ground Floor, Gaisano Island Mall, M.L. Quezon National Highway",Open until 10:00 pm,(032) 236 7144,,,,Closed
Dalanon Dental Care Clinic,5.0,(1),Dental clinic,"Melodina Building, Lipata, Natalio B. Bacalso S National Hwy",Open until 7:00 pm,(032) 272 4856,,,,Temporarily closed
St. Luke Medical Surgical Clinic,2.8,(5),Medical clinic,,Open until 10:00 pm,(032) 342 7090,,,,
United X-Ray Clinic Inc.,,,X-ray lab,Don Celestino Rodriguez Street,Open until 8:00 pm,(02) 8253 3373,,,,
P.S. Maternity Clinic,5.0,(1),Birth center,"Simplex Subdivision, Suba-Basbas - Marbeach Rd",,(032) 238 0654,,,,
Ruiz Vision Eye Clinic,2.7,(16),Eye care center,F. Martir St,Open until 7:00 pm,(032) 513 6077,,,,Temporarily closed
TIBON Medical-Surgical Clinic and Maternity Services,3.8,(17),Surgical center,"210 North Rd. Labogon, Mandaue City 6014",Opens at 6:00 am,(032) 267 3483,,,,Closed
Aces Eye Referral Clinics,4.0,(3),Eye care center,Velez General Hospital,Opens at 8:30 am,(032) 255 2821,http://www.aceseye.com/,https://www.gstatic.com/images/icons/material/system_gm/1x/public_gm_blue_20dp.png,Website,Closed
Dr Guian Sumalinog Clinic,4.5,(2),Medical clinic,,,(032) 263 1124,,,,
Mandaue City Social Hygiene Clinic,5.0,(1),HIV testing center,"Room # 10 ( separate building beside the new building ) Dr. Maria Debra C. Catulong - SHC physician and Mrs. Eden C. Baring - SHC nurse; HIV/AIDS GF-TFM&ROMP office: second floor, old building beside room 9( TB office) point persons: Mr. Francis Irvin C. Baring - GF-TFM nurse and Mr. Dryden Baclohan - CMC ROMP, A. Soriano Ave",Opens at 6:00 am,(032) 268 2489,,,,Closed today
Eye Optimal Optical Clinic,4.4,(14),Eye care center,"JY Square IT Center, G/f, 1 Salinas Dr",Open until 9:00 pm,(032) 414 1600,,,,
Dr. Chona P. Layos,5.0,(1),Pediatric clinic,"Cebu Doctors University Hospital, Osmeña Boulevard",Opens at 8:00 am,(032) 255 5555,,,,Closed
Flawless Face and Body Clinic - Ayala Center Cebu,4.1,(11),Skin care clinic,"S&R, 4th Floor Ayala Center Cebu Expansion Wing (near Majestic and",Open until 10:00 pm,0917 702 8085,http://www.flawless.com.ph/,https://www.gstatic.com/images/icons/material/system_gm/1x/public_gm_blue_20dp.png,Website,
GINGOYON DENTAL CARE CLINIC,3.7,(3),Dental clinic,"2197 Sangi road, Punta Rizal, Pajo, Lapu-Lapu City, Cebu",Open until 7:00 pm,(032) 340 1079,,,,Closed
babag midwife clinic,5.0,(4),Women's health clinic,Babag II Rd,Closing soon: 6:00 pm,3403350,,,,Closed
Ponce Birthing Clinic CO.,5.0,(2),Birth center,"Ponce, 1769 Yakal St",Open until 8:00 pm,0997 387 3073,https://ponce-birthing-clinic-co.business.site/?utm_source=gmb&utm_medium=referral,https://www.gstatic.com/images/icons/material/system_gm/1x/public_gm_blue_20dp.png,Website,
"Ma. Antoinette F. Cabahug, MD Skin Clinic",5.0,(3),Skin care clinic,"Room 209, Dr. J. C. Borromeo Building, Gov. M. Roa Street",Closing soon: 6:00 pm,(032) 412 5125,,,,
EL Glamorous Face and Body Clinic,5.0,(2),Surgical center,Cebu North Road Hi- way Basak,Open until 9:00 pm,(032) 420 0362,,,,Closed
Well - Family Midwife Clinic,3.0,(1),Birth center,Coastal View Subdivision Lara,Open until 8:00 pm,0906 083 8645,https://www.facebook.com/WFMC.MARIKINA/,https://www.gstatic.com/images/icons/material/system_gm/1x/public_gm_blue_20dp.png,Website,Closed today
MANCAO AESTHETIC CLINIC,5.0,(1),Skin care clinic,"205 2/F MAHOGANY PLACE,POPE JOHN PAUL AVE,.",Open until 7:00 pm,0932 100 1002,,,,Closed
Villamor,4.4,(5),Eye care center,Patalinghug Avenue,Open until 10:00 pm,(032) 495 9234,,,,Closed
Flawless Face and Body Clinic,5.0,(1),Skin care clinic,"2nd Floor, SM City Cebu, Juan Luna Avenue Extension, Pier 2",Open until 7:00 pm,0917 702 8085,https://flawless.com.ph/corporate-info,https://www.gstatic.com/images/icons/material/system_gm/1x/public_gm_blue_20dp.png,Website,Temporarily closed
The Tooth Clinic,5.0,(4),Dental clinic,Cor.Wilson Street Salinas Dr,Open until 6:30 pm,(032) 266 9614,,,,
Rhed Owl Clinic,5.0,(1),Dental clinic,283 Tres de Abril St,Open until 8:00 pm,(032) 511 1031,http://rhedowl.com/,https://www.gstatic.com/images/icons/material/system_gm/1x/public_gm_blue_20dp.png,Website,
Josephine's All Dental Services And Cosmetology Clinic Company,1.0,(4),Dental clinic,# 25 M. Velez St,,(032) 232 0954,,,,
Hbs Family Dental Clinic,2.7,(16),Dental clinic,"Door 6 Fick Building, H. Cortes Street",Open until 7:00 pm,(032) 422 6981,,,,Temporarily closed
Dental Ave Oral Care Clinic,5.0,(2),Dental clinic,279 A. C. Cortes Ave,Open until 7:00 pm,0932 062 6783,,,,Closed
Smart Medlab Clinic and Diagnostic Center,4.0,(3),Diagnostic center,Lawaan I,Opens at 7:00 am,(032) 491 3772,,,,Closed
Flawless Face and Body Clinic - SM Seaside City Cebu,4.9,(16),Skin care clinic,"3/F SM Seaside City Cebu, SRP Mambaling Rd, cor Cebu South Coastal Rd",,0917 704 7173,https://flawless.com.ph/,https://www.gstatic.com/images/icons/material/system_gm/1x/public_gm_blue_20dp.png,Website,Temporarily closed
Yes Dental Care Clinic,5.0,(1),Dental clinic,"Room 205, ABG Building, Osmena Boulevard",Opens at 6:00 am,0922 817 7432,,,,Closed today
VMA DENTAL WELLNESS CLINIC,5.0,(1),Dental clinic,"LTH Bldg ( Former Ma.Cristina Bldg, Fuente Osmeña Cir",Closing soon: 6:00 pm,(032) 414 1600,,,,
KEVLO Skin Clinic,5.0,(1),Skin care clinic,Unnamed Road,Opens at 8:00 am,(032) 255 5555,,,,Closed
Dr. Jo Anne Rivera Dental Clinic,4.1,(11),Dental clinic,"6014, 1047 Hernan Cortes St",Opens at 9:00 am,(032) 238 5182,,,,Closed
Manny & Pie Calayan Clinic Cebu Branch,4.7,(3),Skin care clinic,"3rd floor Mountan View, SM Seaside City,SRP Road,Cebu City",Open until 9:00 pm,0917 821 4460,http://mannyandpiecalayanclinic.com/,https://www.gstatic.com/images/icons/material/system_gm/1x/public_gm_blue_20dp.png,Website,Closed
dr. muñox dental clinic,5.0,(4),Dental clinic,"727 A A.S.Fortuna, Mandaue City, 6014 A.S.Fortuna",Closing soon: 6:00 pm,3403350,,,,Closed
Dr. Uy Medical Clinic,4.0,(16),Physician,Natalio B. Bacalso Ave,Open until 8:00 pm,(032) 261 2155,,,,
KEVLO Skin Clinic - SM City,5.0,(3),Skin care clinic,A. Soriano Ave Juan Luna Ave Ext SM City Cebu,Closing soon: 6:00 pm,(032) 342 7090,http://kevloskinclinic.com/,https://www.gstatic.com/images/icons/material/system_gm/1x/public_gm_blue_20dp.png,Website,
Dr. Camela Dental Clinic,5.0,(2),Dental clinic,M. C. Briones St,Open until 9:00 pm,(032) 422 3024,,,,Closed
Apas Dental Clinic,3.0,(1),Dental clinic,Poblacion Compostela,Open until 8:00 pm,(032) 425 7262,,,,Closed today
Divinagracia-Rivera Dental Clinic,5.0,(1),Dental clinic,V Rama Ave,Open until 7:00 pm,(032) 255 6600,,,,Closed
Hi-Precision,4.3,(12),Medical diagnostic imaging center,"Wes Bldg., J. Llorente St",Closing soon: 6:00 pm,(032) 256 0151,http://www.hi-precision.com.ph/,https://www.gstatic.com/images/icons/material/system_gm/1x/public_gm_blue_20dp.png,Website,Closed
Limkimso Optical Clinic,5.0,(1),Eye care center,250 Manalili St,Open until 7:00 pm,0917 702 8085,,,,Temporarily closed
Ceniza Medical Dental Clinic,1.0,(1),Dental clinic,"AC Cortes Avenue, corner BB Cabahug Street",Open until 6:30 pm,0922 817 8414,,,,
Manny & Pie Calayan Clinic,5.0,(1),Skin care clinic,Sm Seaside Branch,Open until 9:00 pm,(032) 511 1031,https://mannyandpiecalayanclinic.com/,https://www.gstatic.com/images/icons/material/system_gm/1x/public_gm_blue_20dp.png,Website,
Dr. Jeffrey Cinco Lim,1.0,(4),Eye care center,"Room 112-A, Cebu Doctors Hospital, Osmeña Boulevard",,(032) 253 4460,,,,
Dental Clinic,5.0,(1),Dental clinic,Gov. M. Cuenco Ave,Open until 7:00 pm,(032) 415 9421,,,,Temporarily closed
Dental Clinic,5.0,(1),Dental clinic,"GK Chua Bldg., Sanciangko St",Open until 7:00 pm,(02) 3418 4994,,,,Closed
UY Dental Clinic,4.0,(3),Dental clinic,Tres de Abril St,Opens at 7:00 am,(032) 491 3772,,,,Closed
Ouano Dental Clinic,5.0,(11),Dental clinic,"Unit 203, Socorro Estenzo Bldg, M. L. Quezon Ave",Open until 7:00 pm,0943 065 9645,http://ouano-dental-clinic.business.site/,https://www.gstatic.com/images/icons/material/system_gm/1x/public_gm_blue_20dp.png,Website,Temporarily closed
RF Dental Clinic,5.0,(1),Dental clinic,Sanciangko St,Closing soon: 6:00 pm,(032) 415 1274,https://www.facebook.com/RfDentalClinic/,https://www.gstatic.com/images/icons/material/system_gm/1x/public_gm_blue_20dp.png,Website,Closed today
Japzon Codina Dental Clinic,5.0,(1),Dental clinic,,Closing soon: 6:00 pm,(032) 417 3619,,,,
Dental Clinic,5.0,(1),Dental clinic,Babang II Rd,Opens at 8:00 am,(032) 496 8514,,,,Closed
Smile Care Dental Clinic,4.1,(11),Dental clinic,"No. 280, Manalili Street, Santo Niño",Opens at 9:00 am,(032) 416 9384,,,,Closed
Dr. Diane Jurado Dental Clinic,4.7,(3),Dental clinic,,Open until 10:00 pm,0917 821 4460,,,,Closed
Yuzon dental clinic,5.0,(4),Dental clinic,28 R. Duterte St,Opens at 9:00 am,0923 102 5949,,,,Closed
Jimenez Dental Clinic,4.0,(16),Dental clinic,NGA Building Pueblo Verde Mepz 2,Open until 8:00 pm,(032) 261 2155,,,,
The Savior Dental Clinic,5.0,(3),Dental clinic,"Room 301, Goodwill Building, Osmeña Blvd",Opens at 9:00 am,0933 509 0113,,,,Closed
"Sacares Dental Clinic,Humay Humay Road,Pajo, Lapu Lapu City",5.0,(2),Dental clinic,Humay-Humay Rd,Open until 9:00 pm,(032) 422 3024,,,,Closed
Dr. Jojo Mendoza Dental Clinic,2.0,(1),Dental clinic,A.C Cortes Avenue,Open until 8:00 pm,(032) 346 7566,,,,Closed today
Barino Dental Clinic,3.0,(1),Dental clinic,,Opens at 10:00 am,(032) 412 3239,,,,Closed
Viardo Dental Clinic,5.0,(2),Dental clinic,251 A. Del Rosario St,Closing soon: 5:30 pm,0922 362 7380,https://nearbyph.com/pages/viardo-dental-clinic/121924,https://www.gstatic.com/images/icons/material/system_gm/1x/public_gm_blue_20dp.png,Website,Closed
Candia Dental Clinic,5.0,(1),Dental clinic,"LG, FLB Corporate Center",Open until 9:00 pm,(032) 410 7772,,,,Temporarily closed
D & G Dental Clinic,1.0,(1),Dental clinic,"Leyson Building, Room 5 G/F, Dionisio Jakosalem St",Opens at 9:30 am,0919 000 7192,https://www.facebook.com/dgdentalclinic/,https://www.gstatic.com/images/icons/material/system_gm/1x/public_gm_blue_20dp.png,Website,Closed
Tallo Dental Clinic,5.0,(1),Dental clinic,"#19 Sitio Lemon A. C.Cortes Ave., Ibabao",Open until 9:00 pm,0917 204 5049,,,,Closed today
Nirza Dental Clinic,1.0,(4),Dental clinic,"2C WDC Building, Burgos Street",Closing soon: 6:00 pm,(032) 255 8826,,,,
Culanag Ortho-dental Clinic,5.0,(1),Dental clinic,A. Del Rosario St,Open until 7:00 pm,0932 859 9431,https://www.practo.com/cebu-city/clinic/culanag-ortho-dental-clinic-cebu,https://www.gstatic.com/images/icons/material/system_gm/1x/public_gm_blue_20dp.png,Website,Temporarily closed
Du Baguio Dental Clinic,5.0,(1),Dental clinic,Basak-Marigondon Rd,Open until 7:00 pm,(032) 236 7810,,,,Closed
DR. GLAISA SUSON MANALO DENTAL CLINIC,4.0,(3),Dental clinic,"6014, 881 A. S. Fortuna St",Opens at 7:00 am,(032) 491 3772,,,,Closed
Dr. Analisa Duga Dental Clinic,5.0,(1),Dental clinic,"RM 200, Agencia Nino Bldg., Osmeña Blvd",Open until 7:00 pm,0928 281 0504,,,,Temporarily closed
L.G. Niñal Jr. Dental Clinic,4.0,(1),Dental clinic,"2nd Floor, Colonnade Mall, Colon Street, Corner Pelaez Street",Closing soon: 6:00 pm,(032) 406 6775,http://www.dentalclinicphilippines.com/lgn/,https://www.gstatic.com/images/icons/material/system_gm/1x/public_gm_blue_20dp.png,Website,Closed today
Toothworks Dental Clinic,5.0,(1),Dental clinic,"North Road Corner A.S. Fortuna Street, Barangay Tabok",Closing soon: 6:00 pm,(032) 422 1428,,,,
Manliguez Dental Clinic,4.0,(2),Dental clinic,Natalio B. Bacalso,Opens at 8:00 am,0936 340 2224,,,,Closed
Dental Clinic,4.1,(11),Dental clinic,"Marina, Mactan",Opens at 9:00 am,(032) 494 0302,,,,Closed
Dentist Cebu - Cendana Dental Clinic - Dr. Karen Lee Cendana,5.0,(1),Dentist,"Ganson Olan Bldg, Francisco Llamas St",Closing soon: 6:00 pm,(032) 520 2440,,,,Closed
Tan and Associates Dental Clinic,5.0,(4),Dental clinic,"room 109 visayas community medical center jones avenue cebu city,philippines",Opens at 9:00 am,0933 171 2525,,,,Closed
St. Jude Dental Clinic Dr. Chris Marie Restauro-Condor,4.0,(16),Dental clinic,"We Have Temporarily Moved Back To Our Old Location In, Restauro Residence Across Talisay District Hospital",Opens at 8:00 am,(032) 316 8463,,,,Closed
Ruflo Dental Clinic,4.8,(11),Dental clinic,"Unit 219, Colon Development Corp. Building, Osmeña Blvd",Open until 7:00 pm,(032) 415 5338,,,,Closed
Suzette G.Velasco Dental Clinic,1.0,(1),Dental clinic,N. Bacalso Ave. Cor. Caimito St,Open until 9:00 pm,(032) 511 7109,,,,Closed
Trinidad Dental Clinic,2.0,(1),Dental clinic,Natalio B. Bacalso S National Hwy,Closing soon: 6:00 pm,0922 821 0347,,,,Closed today
Vitadent Dental Clinic,5.0,(3),Dental clinic,332 Junquera St,Closing soon: 6:00 pm,(032) 516 0573,,,,Closed
Fernando Dental Clinic,5.0,(2),Dental clinic,Sitio Sta. Cruz,Closing soon: 5:30 pm,0922 362 7380,,,,Closed
"Point Of Care Acupuncture Clinic, Cebu",5.0,(1),Acupuncture clinic,"Unit 504 Winland Towers Condominium, Juana Osmeña Extension Road",Open until 9:00 pm,0908 862 5387,http://www.acupuncturebohol.com/,https://www.gstatic.com/images/icons/material/system_gm/1x/public_gm_blue_20dp.png,Website,Closed today
Dr.Daryl Patrick Diez Dental Clinic,1.0,(1),Dental clinic,"Gee Ann JE Building, A. Apostol Street, Calajo-an Minglanilla",Closing soon: 5:30 pm,(032) 254 4568,,,,Closed
Boromeo Dental Clinic,5.0,(1),Dental clinic,Juan Luna Ave Ext,Open until 9:00 pm,(032) 412 8448,,,,Closed today
Doctora Richelita G Acas Dental Clinic,1.0,(4),Dental clinic,"3rd Floor Appliances Building, Cebu South Road, Tabunok",Closing soon: 6:00 pm,(032) 491 1462,,,,
HBS FAMILY DENTAL CLINIC,5.0,(1),Dental clinic,"F. Cabahug corner H. Cortes Streets, Subangdaku",Opens at 9:00 am,0922 693 3055,,,,Closed
Dr. Joanne Florence Paray Alesna Dental Clinic,5.0,(1),Dental clinic,"Room 202 Conchita Bldg.,, 311 Jones Ave",Opens at 5:30 pm,(032) 406 8811,,,,Closed
Marites Castro Dental Clinic,5.0,(2),Dental clinic,497 Lower Pakigne,Opens at 7:00 am,(032) 491 3772,,,,Closed
Tampus Dental Clinic,5.0,(1),Dental clinic,"Ata, Poten, 653 D. Jakosalem St., Cebu City, 6000",Closing soon: 6:00 pm,(032) 415 5197,https://www.facebook.com/Tampusdentalclinic/,https://www.gstatic.com/images/icons/material/system_gm/1x/public_gm_blue_20dp.png,Website,Temporarily closed
Uykingtian Dental Clinic,4.0,(1),Dental clinic,"Rm. 210, Chong Hua Medical Arts Center, J. Llorente St., Cebu City",Closing soon: 6:00 pm,(032) 256 3562,,,,Closed today
Dr.Cynthia Gayatin,5.0,(3),Dental clinic,LK BUILDING,Opens at 8:00 am,(032) 422 1428,http://ph.near-place.com/dr-cynthia-gayatin-lk-building-subangdaku-mandaue-city,https://www.gstatic.com/images/icons/material/system_gm/1x/public_gm_blue_20dp.png,Website,Closed
Affinity Dental Clinics Cebu,4.6,(41),Dental clinic,"eBloc 2 Tower, G/F,Lahug IT Park, W Geonzon St",Open until 7:00 pm,0917 632 5718,http://www.affinitydentalclinics.com/,https://www.gstatic.com/images/icons/material/system_gm/1x/public_gm_blue_20dp.png,Website,Closed
Cool and Green Dental Clinic,4.1,(11),Dental clinic,A. Del Rosario St,Open until 8:00 pm,(032) 520 7998,,,,Closed
Metro Dental,1.7,(6),Dental clinic,"2nd Floor, SM City Cebu, Juan Luna Avenue Extension",Open until 9:00 pm,(02) 8548 4788,https://www.metrodental.com.ph/,https://www.gstatic.com/images/icons/material/system_gm/1x/public_gm_blue_20dp.png,Website,Closed
Hi-Precision Diagnostics,3.8,(29),Diagnostic center,"Diamond Plaza - Bldg. 2. M.C. Briones National Highway, 6014",Opens at 6:00 am,(032) 888 2222,https://www.hi-precision.com.ph/,https://www.gstatic.com/images/icons/material/system_gm/1x/public_gm_blue_20dp.png,Website,Closed
Dentview Dental Clinic,5.0,(1),Dental clinic,F. Cabahug St,Open until 7:00 pm,(063) 512 2493,http://dentview-wordpress.comxa.com/,https://www.gstatic.com/images/icons/material/system_gm/1x/public_gm_blue_20dp.png,Website,Closed
Dr. Cliff Joie M. Culanag Dental Clinic,4.8,(11),Dental clinic,"349 A. Del Rosario Street, Guizo",Open until 7:00 pm,(032) 420 2343,,,,Closed
Watin-Gamo Dental Clinic,1.0,(1),Dental clinic,"2nd floor BF Strip Building,M.L. 6015, M.L. Quezon National Highway",Closing soon: 6:00 pm,(032) 342 0132,https://www.dentaldepartures.com/dentist/gamo-dental-clinic/,https://www.gstatic.com/images/icons/material/system_gm/1x/public_gm_blue_20dp.png,Website,Closed
Lloyd F. Barino Dental Clinic,2.0,(1),Dental clinic,"Agencia Nino Bldg, 191 Osmeña Blvd",Open until 8:00 pm,(032) 316 4509,,,,Closed today
Ortho-Dental Clinic,5.0,(3),Dental clinic,San Isidro Road,Closing soon: 6:00 pm,(032) 491 7048,,,,Closed
SKIN DOCTORS FACIAL AND COSMETIC CLINIC,4.5,(12),Dermatologist,,Open until 6:30 pm,0943 256 1565,https://www.facebook.com/skindoctorsclinic/,https://www.gstatic.com/images/icons/material/system_gm/1x/public_gm_blue_20dp.png,Website,Closed
Johanna Flordelis Dermatology Clinic,5.0,(1),Hospital,"Skin Care Clinic 2nd Floor Perpetual soccur, Gorordo Ave",Open until 9:00 pm,(032) 232 5929,,,,Closed today
Ibon Dental Clinic,1.0,(1),Dental clinic,Katipunan St,Closing soon: 5:30 pm,0932 170 4149,,,,Closed
Dr. Jesus M. Manubag Jr. Dental Clinic,5.0,(1),Dental clinic,"shop 115, raintree mall, 528 General Maxilom Ave",Open until 9:00 pm,(032) 254 1146,,,,Closed today
Dr.Sariah Mia Villanueva San Gabriel Dental Clinic,1.0,(4),Dental clinic,"Level 4 Room 433 Robinsons Cybergate, Osmeña Boulevard, Fuente Osmeña",Closing soon: 6:00 pm,(032) 239 0790,,,,
Dr. Phoebe Omolon-Kilat Dental Clinic,5.0,(1),Dental clinic,"Athecor Building, Lopez Jaena Street",Opens at 9:00 am,(032) 422 5575,,,,Closed
Estrera Dental Clinic,5.0,(17),Dental clinic,Katipunan St,Open until 7:00 pm,0933 191 6488,https://www.facebook.com/pages/Estrera-Dental-Clinic/679390085501459,https://www.gstatic.com/images/icons/material/system_gm/1x/public_gm_blue_20dp.png,Website,Closed
Metrodent Dental Clinic,5.0,(1),Dental clinic,"Room 201, Sonrisa Suites Bldg. Juana Osmeña Street Cebu City, Cebu City",Closing soon: 6:00 pm,(032) 262 3966,https://m.facebook.com/Metrodentdentalclinic/,https://www.gstatic.com/images/icons/material/system_gm/1x/public_gm_blue_20dp.png,Website,Closed
Buqueron Dental Clinic,5.0,(2),Diagnostic center,J. Llorente St,Opens at 2:00 am,0922 820 2935,https://m.facebook.com/dentalclinicmactan,https://www.gstatic.com/images/icons/material/system_gm/1x/public_gm_blue_20dp.png,Website,Closed
Hi-Precision Diagnostics,3.7,(22),Medical diagnostic imaging center,"South National Highway, Tabunok",Opens at 6:00 am,(032) 236 6277,https://www.hi-precision.com.ph/,https://www.gstatic.com/images/icons/material/system_gm/1x/public_gm_blue_20dp.png,Website,Closed
Ohana Dental Clinic,5.0,(12),Dental clinic,F. Cabahug St,Open until 6:30 pm,0922 212 0477,https://ohanadentalph.wixsite.com/clinic,https://www.gstatic.com/images/icons/material/system_gm/1x/public_gm_blue_20dp.png,Website,Closed
Rubbers and Wires Dental Clinic,5.0,(6),Dental clinic,"Unit A6, Cardoc Building, 5 General Maxilom Ave",Opens at 9:00 am,0923 869 4322,https://rubbers-and-wires-dental-clinic.business.site/,https://www.gstatic.com/images/icons/material/system_gm/1x/public_gm_blue_20dp.png,Website,Closed
Dental Clinic,4.1,(11),Dental clinic,Quezon National Hwy,Open until 8:00 pm,(032) 341 8076,,,,Closed
RnB Dental Clinic,5.0,(1),Dental clinic,"G/F Cebu Business Hotel, Colon St",Closing soon: 6:00 pm,(032) 238 5004,https://www.whatclinic.com/dentists/philippines/cebu-city/rnb-dental-clinic,https://www.gstatic.com/images/icons/material/system_gm/1x/public_gm_blue_20dp.png,Website,Closed
Perpetual Succour Hospital,3.4,(125),General hospital,Gorordo Ave,Opens at 6:00 am,(032) 233 8620,https://www.perpetualsuccourcebu.com/,https://www.gstatic.com/images/icons/material/system_gm/1x/public_gm_blue_20dp.png,Website,Closed
Acas Dental Clinic,5.0,(3),Dental clinic,"Cebu Appliance Center, National Highway",Open until 7:00 pm,(032) 491 7386,,,,Closed
Sparklane Dental Clinic,3.7,(3),Dental clinic,9 Molave St,Open until 7:00 pm,(032) 360 0667,,,,Closed
Acupuncture Clinic - Lim,4.0,(1),Acupuncture clinic,"6000, 207 V Rama Ave",Opens at 10:00 am,(032) 253 6648,,,,Closed
Torres Dental Care,2.0,(1),Dental clinic,Candido Padilla St,Open until 9:00 pm,0920 605 0787,,,,Closed today
Dr. Grauel Dental Clinic,5.0,(3),Dental clinic,"Room 203, marcian building,",Opens at 8:00 am,0942 506 8001,,,,Closed
Garcia Children's Clinic,4.5,(12),Pediatrician,"Arbs Arcade, Jose Rizal St",Open until 6:30 pm,(032) 512 1571,,,,Closed
Tropique Dental Clinic,5.0,(1),Dental clinic,,Closing soon: 6:00 pm,(032) 266 9211,,,,Closed today
Galang Dental Clinic,1.0,(1),Dental clinic,"Rabaya Road, Kimba Consojong",Closing soon: 5:30 pm,(032) 273 3008,,,,Closed
G-T Dental Clinic,4.7,(3),Dental clinic,G.Y. Dela Serna St,Open until 9:00 pm,0926 111 1723,,,,Closed today
Omega Dental Clinic,1.0,(4),Dental clinic,"Suite 205 Level 2 Cocomall, Osmena Boulevard",Closing soon: 6:00 pm,(032) 253 5864,,,,
Happy Teeth,4.2,(6),Dental clinic,Quezon National Hwy,Opens at 9:00 am,(032) 260 8073,,,,Closed
Perpetua Dental Clinic,5.0,(7),Dental clinic,Rafael Rabaya Rd,Open until 7:00 pm,(032) 272 1745,,,,Closed
DMV Dermatology Clinic,4.4,(13),Dermatologist,"The Greenery, Pope John Paul II Ave",Closing soon: 6:00 pm,(032) 415 3927,,,,Closed
Eye-Dental Clinic,5.0,(2),Dental clinic,Buhisan Rd,Opens at 2:00 am,(032) 264 8038,,,,Closed
Bucad Dental Clinic,3.7,(22),Dental clinic,Cebu S Rd,Opens at 6:00 am,(032) 273 0850,,,,Closed
Borromeo Dental Clinic,4.5,(8),Dental clinic,96 F. Ramos St,Closing soon: 6:00 pm,(032) 266 7368,https://www.whatclinic.com/dentists/philippines/cebu-city/borromeo-dental-clinic,https://www.gstatic.com/images/icons/material/system_gm/1x/public_gm_blue_20dp.png,Website,Closed
Pamela's Dental Clinic and Supply,2.9,(7),Dental clinic,"31 V Sambag 2, Urgello St",Opens at 9:00 am,(032) 253 8650,,,,Closed
Dr mae abella dental clinic,4.5,(6),Dental clinic,J. Alcantara St,Open until 9:00 pm,(032) 416 2939,,,,Closed
Flores Dental Clinic,4.5,(15),Dental clinic,"JL Building, Don Jose Avila St. corner Don Gil Garcia St, 6000 Osmeña Blvd",Closing soon: 6:00 pm,(032) 505 7697,https://dentalimplantholiday.com/,https://www.gstatic.com/images/icons/material/system_gm/1x/public_gm_blue_20dp.png,Website,Closed
CM Dental Clinic,5.0,(2),Dental clinic,Wow St,Closing soon: 6:00 pm,0956 183 3773,,,,Closed today
Cebu Dentist - Dr. Lynnette L. Chu,4.3,(15),Dentist,"Rm 10 Cebu Filipino-Chinese Chamber of Commerce Bldg., J. Llorente Street",Opens at 9:00 am,(032) 412 0067,http://cebudentist.weebly.com/,https://www.gstatic.com/images/icons/material/system_gm/1x/public_gm_blue_20dp.png,Website,Closed
Niñal Dental Clinic,2.2,(15),Dental clinic,Urgello St.,Opens at 8:30 am,(032) 253 7861,https://www.facebook.com/pages/Ni%C3%B1al-Dental-Clinic/540655485998778,https://www.gstatic.com/images/icons/material/system_gm/1x/public_gm_blue_20dp.png,Website,Closed
Dr. Danilo Q. Munoz Dental Clinic,4.1,(14),Dental clinic,A.S.Fortuna,Opens at 9:00 am,0917 772 7088,,,,Closed
Ruiz & Sabinay Dental Clinic,5.0,(5),Dental clinic,"Mercado Bldg, 10, Gorordo Ave",Open until 6:00 am,(032) 412 9567,https://ruiz-sabinay-dental-clinic.business.site/,https://www.gstatic.com/images/icons/material/system_gm/1x/public_gm_blue_20dp.png,Website,Closed today
Alday Dental Clinic,5.0,(2),Dental clinic,31 Ibabao - Gisi - Agus Rd,Opens at 9:00 am,0917 771 7779,,,,Closed
Gonzales Dental Clinic Cebu,5.0,(4),Dental clinic,J.Lhorente Street Fuente Osmeña Chonghua Medical Arts Room 307 Cebu,Open until 6:30 pm,(032) 255 8368,,,,Closed
Vision Express SM Seaside Cebu,3.7,(3),Optician,"2nd Level SM Seaside City Cebu, Reclamation Area, Cebu South Coastal Rd",Open until 8:30 pm,(032) 233 1480,https://www.visionexpress.ph/,https://www.gstatic.com/images/icons/material/system_gm/1x/public_gm_blue_20dp.png,Website,Temporarily closed
Edem Dental Clinic (city time square 2),3.0,(2),Dental clinic,Mantawe Ave,Closing soon: 6:00 pm,(032) 328 0511,https://edemdentalclinic.business.site/,https://www.gstatic.com/images/icons/material/system_gm/1x/public_gm_blue_20dp.png,Website,Temporarily closed
Doctor Spencer Nicolas V Lee Dental Clinic,4.4,(5),Dental clinic,"Unit 221, Coco Mall, Osmeña Boulevard",Open until 9:00 pm,0927 384 5576,,,,Closed today
LH Prime Medical Clinic Consolacion,3.5,(20),Medical clinic,"Cansaga, National Highway",Closing soon: 6:00 pm,0917 816 9368,http://www.lhprime.com/,https://www.gstatic.com/images/icons/material/system_gm/1x/public_gm_blue_20dp.png,Website,Temporarily closed
Bonsol Dental Clinic,5.0,(2),Dental clinic,Gov. M. Cuenco Ave,Opens at 9:00 am,(032) 416 1027,,,,Closed
Majan Dental Clinic,5.0,(1),Dental clinic,18 General Maxilom Ave,Open until 7:00 pm,(032) 233 4760,,,,Closed
Dr. Leilani Tacandong Nuñez Dental Clinic,3.0,(2),Dental clinic,"Pantaleon del Rosario Street, corner Dioniso Jacosalem Street",Opens at 9:00 am,(032) 254 9117,,,,Closed
Dr.Antonio Alfredo Nemenzo Dental Clinic,5.0,(6),Dental clinic,"R Aboitiz Street, St. Patrick Square",Opens at 8:30 am,(032) 253 3206,,,,Closed
Dabad Dental Clinic-Cebu (Official),4.5,(2),Dental clinic,,Closing soon: 6:00 pm,0942 183 9826,,,,Closed
Dr. Annalyn Daclan - Casinay Dental Clinic,5.0,(2),Dental clinic,P. Del Rosario corner Jakosalem Streets,Closing soon: 6:00 pm,(032) 354 9558,,,,Closed today
Pearly Whites Dental Clinic,5.0,(4),Dental clinic,"Hair Cafe, JDA Building Ground Floor, Paradise Village Corner Luce",Closing soon: 6:00 pm,(032) 233 5040,https://pearly-whites-dental-clinic.business.site/?utm_source=gmb&utm_medium=referral,https://www.gstatic.com/images/icons/material/system_gm/1x/public_gm_blue_20dp.png,Website,Closed
Cebu Dental Implants - Zugbu Aesthetic Dental Clinic,5.0,(8),Dental implants periodontist,"2nd floor , 203, Krizia Blg, Gorordo Ave",Open until 5:00 am,(032) 231 4618,http://cebudentalimplants.com/,https://www.gstatic.com/images/icons/material/system_gm/1x/public_gm_blue_20dp.png,Website,Closed
Tooth Fairies Dental Clinic,4.5,(15),Dental clinic,Robinsons Cybergate,Closing soon: 6:00 pm,(032) 505 7697,,,,Closed
"Dr. Sandra Villamor, Ophthalmology",4.3,(4),General practitioner,"Room 118, Mactan Doctors Hospital, Maximo V. Patalinhug Jr. Avenue",Closing soon: 6:00 pm,(032) 495 9234,,,,Closed today
Bequilla Dental Clinic- Gaisano Capital SRP,3.8,(253),Dental clinic,"2nd Flr. Gaisano Capital SRP San Roque, SRP Highway",Open until 7:00 pm,(032) 341 4443,https://bequilla-dental-clinic.business.site/,https://www.gstatic.com/images/icons/material/system_gm/1x/public_gm_blue_20dp.png,Website,Closed
"Dr. Pierre M. Mella - Spine and Orthopaedics Cebu (Minimally Invasive Spine Surgery, Spine Oncology, Orthopedics)",5.0,(11),Medical clinic,Mantawe Drive Chong Hua Hospital Mandaue 9th Floor (Mon -Fri 2-5pm University of Cebu Medical Center ground floor (Mon - Sat 930am -12noon,Opens at 10:00 am,(032) 253 4029,https://dr-pierre-m-mella-minimally-invasive.business.site/?utm_source=gmb&utm_medium=referral,https://www.gstatic.com/images/icons/material/system_gm/1x/public_gm_blue_20dp.png,Website,Closed
Dr. Virgil Urgel,4.1,(14),General practitioner,"2nd Floor Fortune Life Building, Osmeña Boulevard",Opens at 9:00 am,(032) 253 8282,,,,Closed
Dr.Gerry Tan,5.0,(3),Physician,Gov. M. Roa St Cor. M.P. Yap St,Open until 6:00 am,(032) 253 5460,https://docgerrytan.com/,https://www.gstatic.com/images/icons/material/system_gm/1x/public_gm_blue_20dp.png,Website,Closed today
Grengia Maternity House,5.0,(2),General practitioner,"A.Tumulak Street, Gun‐Ub",Opens at 11:00 am,(032) 316 1643,,,,Closed
Maxicare,5.0,(4),General practitioner,"Pediatric Cardiology, Pediatric Pulmonology, Pediatrics - Rudy A. Amatong, Cebu Velez General Hospital, Incorporated, F. Ramos Street",Open until 6:30 pm,(032) 253 1871,https://www.maxicare.com.ph/,https://www.gstatic.com/images/icons/material/system_gm/1x/public_gm_blue_20dp.png,Website,Closed
Maxicare,3.7,(3),General practitioner,"Achilles Cortes - General Surgery, Chong Hua Hospital, Llorente Street, Fuente Osmeña Avenue",Open until 8:30 pm,(032) 254 1460,https://www.maxicare.com.ph/,https://www.gstatic.com/images/icons/material/system_gm/1x/public_gm_blue_20dp.png,Website,Temporarily closed
MCA Animal Care Clinic,4.0,(42),Animal hospital,Cebu S Rd,Closing soon: 6:00 pm,(032) 236 6457,,,,Temporarily closed
Chiropractic Clinic,4.2,(5),Chiropractor,"ayala center cebu, 176 Archbishop Reyes Ave. Cebu Business Park",Open until 7:00 pm,(032) 233 1171,http://www.chiropractic.com.ph/,https://www.gstatic.com/images/icons/material/system_gm/1x/public_gm_blue_20dp.png,Website,Closed today
LH Prime Medical Clinic Minglanilla,4.2,(6),Medical laboratory,"Corner San Roque, Sandayong",Opens at 6:00 am,(032) 384 4881,http://www.lhprime.com/,https://www.gstatic.com/images/icons/material/system_gm/1x/public_gm_blue_20dp.png,Website,Closed
LR Medical Laboratory and Clinic,3.5,(2),Medical laboratory,"Adela Building, 2nd Floor, General Maxilom Ave",Opens at 8:00 am,(032) 410 7485,,,,Closed
Mabuhay Chiropractic Clinics SM City Cebu,4.8,(22),Chiropractor,"Unit 313, 3rd Floor, North Wing, SM City Cebu",Opens at 10:00 am,0915 163 0047,https://www.chiropractic.com.ph/,https://www.gstatic.com/images/icons/material/system_gm/1x/public_gm_blue_20dp.png,Website,Closed
Mabuhay Chiropractic Clinics SM Seaside City Cebu,4.4,(21),Chiropractor,"U-3068, 3rd Floor, SM Seaside City Cebu, South Road Properties",Closing soon: 6:00 pm,(032) 328 8657,https://www.chiropractic.com.ph/,https://www.gstatic.com/images/icons/material/system_gm/1x/public_gm_blue_20dp.png,Website,Closed
Pardo Animal Clinic,3.8,(12),Veterinary care,Natalio B. Bacalso Ave,Opens at 8:30 am,(032) 272 0607,,,,Temporarily closed
Pets in the City Veterinary Clinic & Grooming Services,4.6,(32),Veterinarian,,Closing soon: 6:00 pm,(032) 254 8352,https://www.facebook.com/petsinthecitycebu,https://www.gstatic.com/images/icons/material/system_gm/1x/public_gm_blue_20dp.png,Website,Closed today
Good News Medical Clinic,4.5,(8),,A.S. Fortuna St,Closing soon: 6:00 pm,(032) 236 0944,http://www.goodnewsmedicalclinic.com/,https://www.gstatic.com/images/icons/material/system_gm/1x/public_gm_blue_20dp.png,Website,Closed today
Pet in the city,4.0,(7),Pet store,"Nasipit Commercial Plaza, Nasipit Road",Closing soon: 6:00 pm,(032) 236 3834,,,,Temporarily closed
"Health Delivery System, Inc.",5.0,(2),Insurance agency,"General Surgery Department, Dr. Shawn Espina, Chong Hua Hospital, Don Mariano Cui Street, Capitol Site",Open until 5:00 am,(032) 253 9409,https://www.healthfirst.com.ph/,https://www.gstatic.com/images/icons/material/system_gm/1x/public_gm_blue_20dp.png,Website,Closed
Metrobank ATM,4.0,(3),ATM,"Osmeña Blvd Cebu City ( within the E.R. Entrance between, Potencia Lazzarabal III and Philip Lazzarabal Clinic near China Bank )",Closing soon: 6:00 pm,(032) 232 1727,https://www.metrobank.com.ph/,https://www.gstatic.com/images/icons/material/system_gm/1x/public_gm_blue_20dp.png,Website,Closed
Kevlo Mango Branch Cebu,3.0,(4),Beauty supply store,"2, Josefa Arcade, General Maxilom Ave",Open until 8:00 pm,0932 857 7604,https://www.facebook.com/kevlomangocebu/,https://www.gstatic.com/images/icons/material/system_gm/1x/public_gm_blue_20dp.png,Website,Temporarily closed
Hygieia Pharmacy,3.8,(253),Pharmacy,Door 3 CT Bldg,Open until 9:00 pm,(032) 512 8658,https://www.facebook.com/ArcibalMedicalClinic/,https://www.gstatic.com/images/icons/material/system_gm/1x/public_gm_blue_20dp.png,Website,Closed
R-beaute Philippines,5.0,(6),Hair salon,"#1 Villalon Drive Capitol Road, cor Providence Street",Opens at 10:00 am,(032) 326 6572,,,,Temporarily closed
Joshua,3.8,(6),Animal hospital,Central Nautical Hwy,Open until 9:00 pm,(032) 424 1794,,,,Closed
The Greenery,4.5,(42),Corporate office,Pope John Paul II Ave,Opens at 9:00 am,(032) 234 0795,,,,Closed
Stuttgart Army Health Clinic,2.9,(15),Medical clinic,Illinoisstraße,Open until 4:30 pm,+49 6371 94642900,https://ermc.amedd.army.mil/stuttgart/index.cfm,https://www.gstatic.com/images/icons/material/system_gm/1x/public_gm_blue_20dp.png,Website,Closed
Kent Teen Clinic,4.5,(4),Family planning center,25742 104th Ave SE,Opens at 8:00 am,+1 206-477-6950,http://www.kingcounty.gov/healthservices/health/locations/teenclinics.aspx,https://www.gstatic.com/images/icons/material/system_gm/1x/public_gm_blue_20dp.png,Website,Closed
Entira Family Clinics - East Side,3.8,(19),Medical clinic,1385 Phalen Blvd,Opens at 7:00 am,+1 651-776-2719,http://www.entirafamilyclinics.com/,https://www.gstatic.com/images/icons/material/system_gm/1x/public_gm_blue_20dp.png,Website,Closed
C. L. Brumback Primary Care Clinics-Belle Glade Clinic,3.1,(7),Medical clinic,941 SE 1st St,Opens at 8:00 am,+1 561-996-6156,https://www.brumbackclinics.org/,https://www.gstatic.com/images/icons/material/system_gm/1x/public_gm_blue_20dp.png,Website,Closed
Entira Family Clinics - Inver Grove Heights,4.3,(20),Medical clinic,2980 Buckley Way,Opens at 8:00 am,+1 651-788-4444,http://www.entirafamilyclinics.com/,https://www.gstatic.com/images/icons/material/system_gm/1x/public_gm_blue_20dp.png,Website,Closed
South Hill Opt Clinic,3.5,(8),Reproductive health clinic,1193 Kingsway #202,Closing soon: 6:00 pm,+1 604-731-4252,https://www.optionsforsexualhealth.org/providers/south-hill-opt-clinic,https://www.gstatic.com/images/icons/material/system_gm/1x/public_gm_blue_20dp.png,Website,Closed today
Wasatch Medical Clinic,4.2,(20),Medical clinic,310 E 4500 S Suite 410,Opens at 7:00 am,+1 801-904-3454,http://www.wasatchmedicalclinic.com/,https://www.gstatic.com/images/icons/material/system_gm/1x/public_gm_blue_20dp.png,Website,Closed
Vancouver Options for Sexual Health Clinic,2.9,(11),Reproductive health clinic,4500 Oak St,Open until 10:00 pm,+1 604-731-4252,https://www.optionsforsexualhealth.org/,https://www.gstatic.com/images/icons/material/system_gm/1x/public_gm_blue_20dp.png,Website,Closed today
Mayo Clinic Health System - Franciscan Healthcare,3.4,(8),Medical clinic,1303 S Main St South,Opens at 8:00 am,+1 608-526-3351,http://mayoclinichealthsystem.org/locations/holmen,https://www.gstatic.com/images/icons/material/system_gm/1x/public_gm_blue_20dp.png,Website,Closed
Entira Family Clinics - Como/Roseville,3.4,(19),Medical clinic,1050 Larpenteur Ave W,Opens at 8:00 am,+1 651-487-2831,http://www.entirafamilyclinics.com/,https://www.gstatic.com/images/icons/material/system_gm/1x/public_gm_blue_20dp.png,Website,Closed
Mayo Clinic Health System,5.0,(1),Medical Center,700 West Ave S,Open until 12:00 am,+1 608-785-0940,https://mayoclinichealthsystem.org/,https://www.gstatic.com/images/icons/material/system_gm/1x/public_gm_blue_20dp.png,Website,Closed today
London Women's Clinic,3.6,(68),Fertility clinic,113-115 Harley St,Open until 5:30 pm,+44 20 7563 4309,https://www.londonwomensclinic.com/clinics/harley-street/,https://www.gstatic.com/images/icons/material/system_gm/1x/public_gm_blue_20dp.png,Website,Closed today
Augusta Regional Clinic,4.5,(10),Medical clinic,342 Mule Academy Rd,Opens at 8:00 am,+1 540-221-6723,http://augustafreeclinic.org/,https://www.gstatic.com/images/icons/material/system_gm/1x/public_gm_blue_20dp.png,Website,Closed
Mayo Clinic Health System,3.6,(62),Medical clinic,"Luther Campus, 1221 Whipple St",Open until 5:00 am,+1 715-838-3311,http://mayoclinichealthsystem.org/locations/eau-claire?mc_id=&utm_source=yext&utm_medium=l&utm_content=eauclaireluthergeneral&utm_campaign=mchsmarketing&geo=eauclaire&placementsite=nwwi&invsrc=mchsnwwi&cauid=110704,https://www.gstatic.com/images/icons/material/system_gm/1x/public_gm_blue_20dp.png,Website,Closed