section-result-title,cards-rating-score,section-result-num-ratings,section-result-details,section-result-location,section-result-info,section-result-action href,section-result-action-icon src 2,section-result-action-text 2,section-result-info 2,section-result-info 3,section-result-description
Cordova RORO Port,3.7,(109),Port,"Sitio Camolinas, Barangay Poblacion, Roro Port Road",0932 703 9048,,,,,,
Cebu International Port,4.0,(187),Port,,(032) 232 1461,http://www.cpa.gov.ph/,https://www.gstatic.com/images/icons/material/system_gm/1x/public_gm_blue_20dp.png,Website,,,
Port Restaurant,3.7,(291),Filipino,"Waterfront Hotel & Casino, Salinas Dr",(032) 516 6018,http://www.port.ph/,https://www.gstatic.com/images/icons/material/system_gm/1x/public_gm_blue_20dp.png,Website,Closed,Opens at 10:00 am,
Cebu Port Authority,3.4,(21),Seaport,Quezon Blvd. Pier 1,,http://www.cpa.gov.ph/,https://www.gstatic.com/images/icons/material/system_gm/1x/public_gm_blue_20dp.png,Website,,,
Angasil Port,3.1,(21),Ferry terminal,,,,,,,,
"Passenger Terminal 1, PIER 1",3.7,(86),Port authority,Quezon Blvd,,http://cebubook.com/,https://www.gstatic.com/images/icons/material/system_gm/1x/public_gm_blue_20dp.png,Website,,,
Marigondon Port,3.6,(5),Seaport,,,,,,,,
Cebu Port Authority (CIP One Stop Shop) - Port Management Division 1,4.3,(8),Port authority,,(032) 233 3814,http://cpa.gov.ph/,https://www.gstatic.com/images/icons/material/system_gm/1x/public_gm_blue_20dp.png,Website,,,
Cebu Port Authority,,,Seaport,Don Andres Soriano Ave.,(032) 344 9211,http://www.cpa.gov.ph/,https://www.gstatic.com/images/icons/material/system_gm/1x/public_gm_blue_20dp.png,Website,,,
Cebu Port Authority (CPA) - Port Management Division 3,3.8,(10),Ferry service,"Terminal 2 Building, Cebu Baseport, Cebu City, Cebu",(032) 253 1853,http://www.cpa.gov.ph/,https://www.gstatic.com/images/icons/material/system_gm/1x/public_gm_blue_20dp.png,Website,Temporarily closed,,
Cebu Port Authority,4.2,(17),Corporate office,"CPA Executive Building, CIP Complex, Sergio Osmeña Jr Boulevard",(032) 402 4131,http://www.cpa.gov.ph/,https://www.gstatic.com/images/icons/material/system_gm/1x/public_gm_blue_20dp.png,Website,Closed today,,
Hilton Port,3.5,(37),Ferry terminal,Punta Engaño Rd,,,,,,,
Ports of Cebu Transport Coop. (PORT CETRANSCO),5.0,(1),Travel agency,Sergio Osmeña Jr Boulevard,0905 503 1982,,,,Temporarily closed,,
Cebu Port Authority (CPA) - Port Management Division 2,4.4,(18),,"Terminal 3 Building, Cebu Baseport, Cebu City, Cebu",(032) 233 0421,http://www.cpa.gov.ph/,https://www.gstatic.com/images/icons/material/system_gm/1x/public_gm_blue_20dp.png,Website,,,
Cebu International Port,4.3,(4),,Quezon Blvd,(032) 233 3814,http://www.cpa.gov.ph/,https://www.gstatic.com/images/icons/material/system_gm/1x/public_gm_blue_20dp.png,Website,,,
Santa Rosa Port,4.0,(17),Ferry terminal,,,,,,,,
Philippine Ports Authority,1.0,(1),Corporate office,,,,,,,,
Boyla Island Hopping Terminal,,,Port authority,,,,,,,,
Crown Port View Hotel,3.5,(102),2-star hotel,,(032) 416 5105,,,,Temporarily closed,,
ACG Port Services,,,,"F.E. Zuellig Avenue, Mandaue City, Mandaue City, Cebu",(032) 344 7371,,,,,,
Bureau Of Customs Port Of Cebu,4.2,(5),Government office,"CIP Complex, Pier 6, NRA, Osmena Blvd",(032) 350 3219,http://customs.gov.ph/,https://www.gstatic.com/images/icons/material/system_gm/1x/public_gm_blue_20dp.png,Website,Closed today,,
Port Security Division - Cebu Port Authority,4.0,(187),Government office,"Cebu Port Authority, Sergio Osmeña Boulevard, North Reclamation Area",(032) 232 1967,,,,,,
Pasil Fish Port,3.7,(165),Fish farm,Belgium Street,0922 743 1610,,,,Closed,Opens at 10:00 am,
Ouano Port To Tubigon,5.0,(2),Department of Transportation,6014,,,,,,,
Port to Valhalla,3.1,(21),Port operating company,Belgium Street,,,,,,,
buyong port,3.7,(86),Marina,Buyong Rd,,,,,Temporarily closed,,
Mactan-Cebu International Airport,3.5,"(2,043)",International airport,Lapu-Lapu Airport Rd,(032) 340 2486,http://mciaa.gov.ph/,https://www.gstatic.com/images/icons/material/system_gm/1x/public_gm_blue_20dp.png,Website,,,Airport with nearby lodging & gaming
Cebu Port Authority - Planning & Design Division,3.0,(1),Shipping company,"CIP Complex, Sergio Osmeña Boulevard",(032) 232 6369,http://www.cpa.gov.ph/,https://www.gstatic.com/images/icons/material/system_gm/1x/public_gm_blue_20dp.png,Website,,,
Talisay Fish Port,3.8,(8),Fishing pier,"Barangay Tangke, Cebu South Coastal Rd",0995 421 5635,,,,Temporarily closed,,
Cebu Port Authority Collection Office (Berth 11),3.8,(10),Federal government office,,(032) 402 4165,http://www.cpa.gov.ph/,https://www.gstatic.com/images/icons/material/system_gm/1x/public_gm_blue_20dp.png,Website,Temporarily closed,Open until 7:00 pm,
Cebu Port Authority-Investigation Section,4.2,(17),,Pier 3 Port Area,(032) 255 2469,,,,Closed today,,
Lite Port Center,5.0,(1),Shopping mall,M. J. Cuenco Ave,(032) 255 1721,,,,Temporarily closed,,
Minglanilla Barge Port,3.7,(3),Port authority,Cebu S Port Rd,Temporarily closed,,,,0905 503 1982,,
Minglanilla Fishport,2.8,(6),Pier,,,,,,(032) 233 0421,,
Cebu Port United Drivers Cooperative,4.3,(4),Association or organization,"RM 6, Madrigal Building, 21 Legaspi Extension Pier 1",(032) 412 1630,,,,,,
District Collector - Port of Cebu,4.0,(17),Government office,Morgan St,(032) 231 6782,,,,,,
Port for Getafe,1.0,(1),Shipping service,,,,,,,,
Port Net Transport Services Inc.,,,Freight forwarding service,P. Burgos,(032) 343 9937,,,,,,
Marina,3.5,(102),Office supply wholesaler,Port Service Rd,Temporarily closed,,,,(032) 416 5105,,
North Reclamation Area,,,,,,,,,(032) 344 7371,,Cebu City
Cebu Port Authority (CPA) - 4th St.,4.2,(5),Port authority,Gate 4 Quezon Blvd,(032) 350 3219,http://www.cpa.gov.ph/,https://www.gstatic.com/images/icons/material/system_gm/1x/public_gm_blue_20dp.png,Website,Closed,Opens at 9:00 am,
Oriental Port and Allied Services Corporation,3.8,(4),Shipping service,"Don Bernardo Benedicto, 2nd St., North Reclamation AreaCebu City 6000",(032) 232 5511,,,,Closed today,,
TORIL PORT,3.7,(165),Port operating company,Mactan Channel,Closed,,,,0922 743 1610,Opens at 10:00 am,
Construction and Maintenance Division - Cebu Port Authority,5.0,(2),Government office,"Cebu Port Authority, Sergio Osmeña Boulevard, North Reclamation Area",(032) 232 6369,,,,,,
Cebu Port Authority - Office of the Deputy General Manager,3.1,(21),,"CIP Complex, North Reclamation Area, Cebu City, Cebu",,,,,,,
Cebu Harbor,3.7,(86),Port authority,,Temporarily closed,,,,,,
Catarman Port Lighthouse,3.5,"(2,043)",Port authority,Hilutungan Channel,,,,,(032) 340 2486,,Airport with nearby lodging & gaming
Cebu Asiatic Shipping And Port Services,4.0,(1),Shipping company,M J Cuenco Avenue,(032) 253 6617,,,,,,
Port Coquitlam Development Corporation,3.8,(8),Transportation service,Sergio Osmeña Jr Boulevard,(032) 232 3216,,,,Temporarily closed,,
Business Marketing and Development Department - Cebu Port Authority,3.8,(10),Government office,"Cebu Port Authority, Sergio Osmeña Boulevard, North Reclamation Area",(032) 412 9024,,,,Temporarily closed,Open until 7:00 pm,
Trans One Port Solution,4.2,(17),Transportation service,"National Road, Batiller",(032) 564 2330,,,,Temporarily closed,,
Plant Quarantine Service - Region 7-Port of Cebu,5.0,(1),,"Bureau of Plant Industry, Arellano Boulevard, Cebu City, Cebu",Temporarily closed,,,,(032) 255 1721,,
Eagle Port Pro Shop,3.7,(3),Trading company,Opon-Airport-Sangi Road,(032) 340 0306,,,,Temporarily closed,,
Sa Amihan Port Lodge,2.8,(6),Business center,"3rd Street, Carreta, Reclamation Area",(032) 232 2873,,,,,,
A.O.M ship and port management,5.0,(2),Shipyard,J.M.Ceniza,(032) 412 1630,,,,Closed today,,
Port of Getafe,3.9,(65),Port,Jetafe Port Back Rd,0916 446 0595,,,,,,
Cordova roro port road mercado,1.0,(1),Food court,,,,,,,,
Cebu Port Authority,5.0,(2),Local government office,"East Plaza Arcade, N. Bacalso S. National Highway",(032) 460 0186,http://www.cpa.gov.ph/,https://www.gstatic.com/images/icons/material/system_gm/1x/public_gm_blue_20dp.png,Website,,,
Rotary Club of Cebu Port Centre,3.3,(3),Club,Country Club Village Rd,(032) 238 3958,http://www.rccebuportcentre.club/,https://www.gstatic.com/images/icons/material/system_gm/1x/public_gm_blue_20dp.png,Website,Closed today,,
Naga Port And Shipping Marine,4.5,(4),Shipping company,Natalio B. Bacalso S National Hwy,(032) 239 4861,,,,,,Cebu City
Port Christian Center,4.2,(5),Church,Arellano Blvd,(032) 256 2807,,,,Temporarily closed,Opens at 9:00 am,
Southern Port Security Agency,3.8,(4),Escort service,554 P. Burgos Street,(032) 345 8154,,,,Closed today,,
Cebu Port United Drivers Multi-Purpose Cooperative,3.7,(165),Bank,"2nd Street, Pier 5, North Reclamation Area",(032) 236 0726,,,,Closed,Opens at 10:00 am,
Far East Bank & Trust Co. - Cebu Port Center,5.0,(2),,,(032) 232 5648,,,,,,
"Naga Port And Shipping Marine Services, Inc.",3.1,(21),,268 Magallanes St,,,,,,,
Bantayan Port,3.7,(86),Fishing pier,Bantayan Rd,,,,,Temporarily closed,,
South Port News Agency Services,3.5,"(2,043)",News service,,(032) 349 7610,http://south.gg/,https://www.gstatic.com/images/icons/material/system_gm/1x/public_gm_blue_20dp.png,Website,,,Airport with nearby lodging & gaming
Port Christian Center,5.0,(1),Christian church,Quezon Blvd Pier 1,(032) 256 2807,,,,Temporarily closed,,
Cordova roro port road mercado,5.0,(1),Food court,,Temporarily closed,,,,(032) 232 3216,,
Don Carlos A. Gothong Port Centre,3.8,(10),,Sulpicio Go St,Temporarily closed,,,,(032) 412 9024,Open until 7:00 pm,
Oriental Port and Allied Services Corporation,3.2,(5),Gas station,"Shell, Sergio Osmena Boulevard, Tiburcio Padilla Street Corner, 12 Avenue",(032) 233 0728,,,,Temporarily closed,,
Liloan Port,4.3,(3),Port operating company,,Temporarily closed,,,,(032) 255 1721,,
Porters Marina,3.9,(61),Boat club,,0916 671 4397,,,,Temporarily closed,,
Hyundai Cebu South,4.5,(89),Car dealer,"Brgy. Carreta, J. De Veyra St",(032) 272 3333,https://hyundaicebusouth.business.site/,https://www.gstatic.com/images/icons/material/system_gm/1x/public_gm_blue_20dp.png,Website,Temporarily closed,,
Plas Enterprises & Engineering Services,3.0,(2),Office,"Lot35 Blk21, Cor 4th St & Humabon Ave, Cebu Port Center",(032) 234 2804,,,,Closed,Opens at 8:00 am,
Integrated Maritime,4.0,(4),Association or organization,"2nd Flr. Qimonda Building, Port Service Rd",(032) 410 6628,http://integratedmaritime.ph/,https://www.gstatic.com/images/icons/material/system_gm/1x/public_gm_blue_20dp.png,Website,Closed,Opens at 8:00 am,
J & N Shipping Lines Corporation,3.4,(10),Shipping company,432 Quezon Blvd,(032) 416 6840,,,,Closed,Opens at 9:00 am,
M. Lhuillier Pawnshop,3.0,(2),,"Cebu Port Center, North Reclamation Area, Cebu City, Cebu",(032) 233 8520,,,,,,
Toledo City Port,4.2,(21),Seaport,,Closed today,,,,(032) 238 3958,,
Tubigon Port,4.1,(684),Port,,0910 332 5298,,,,,,Cebu City
Gothong Southern Shipping Lines Incorporated,4.7,(7),Shipping company,"2nd Floor Don Carlos a. Gothong Port Centre, Quezon Boulevard NRA Pier 4",0915 783 7156,https://gothong.com/,https://www.gstatic.com/images/icons/material/system_gm/1x/public_gm_blue_20dp.png,Website,Temporarily closed,Closing soon: 6:00 pm,
Manuto River,3.8,(4),River port,,0995 021 8420,,,,Temporarily closed,,
Cebu(Pier1),3.8,(300),Ferry terminal,,Closed,,,,(032) 236 0726,Opens at 10:00 am,
Inuboran Fish Port,4.0,(18),Restaurant,,(056) 898 6501,,,,Closed,Opens at 12:00 am,
Island Hopping in Cordova ( Cebu 247 Adventures ),4.0,(1),Boat tour agency,Roro Port Road,0998 544 6140,https://www.facebook.com/cebu247adventures/,https://www.gstatic.com/images/icons/material/system_gm/1x/public_gm_blue_20dp.png,Website,Temporarily closed,,
OPPO Service Center SM Cebu,4.8,(4),Electrical repair shop,"2nd Floor, Cyberzone, SM City Cebu, Juan Luna Ave., Corner Cabahug and Kaoshiung Streets, North Reclamation Area, Cebu Port Center,, Mabolo, Cebu City",0927 879 6776,https://oppo-service-center-sm-cebu.business.site/,https://www.gstatic.com/images/icons/material/system_gm/1x/public_gm_blue_20dp.png,Website,Temporarily closed,Closing soon: 6:40 pm,
Libor Port,3.5,"(2,043)",Corporate office,,,,,,(032) 349 7610,,Airport with nearby lodging & gaming
BDO Cebu - North Reclamation Branch,2.3,(3),Bank,"Block 20-A corner Port Centre Avenue &, Juan Luna Avenue",(032) 232 0321,https://www.bdo.com.ph/,https://www.gstatic.com/images/icons/material/system_gm/1x/public_gm_blue_20dp.png,Website,Closed today,,
Tagbilaran City Tourist Port,3.9,"(2,856)",Port,Tagbilaran Wharf Road,(038) 411 8138,,,,Temporarily closed,,
Oceanjet Ticketing Office,3.5,(85),Transportation service,,(032) 255 7560,http://www.oceanjet.net/,https://www.gstatic.com/images/icons/material/system_gm/1x/public_gm_blue_20dp.png,Website,Temporarily closed,Open until 7:00 pm,
Ocean Jet Fast Ferries,5.0,(1),Freight forwarding service,"Sea Explorers Philippines, Knights of Columbus Square, 36 Archbishop Reyes Avenue, Lahug",(032) 234 0245,http://www.oceanjet.net/,https://www.gstatic.com/images/icons/material/system_gm/1x/public_gm_blue_20dp.png,Website,Temporarily closed,,
Ubay Port,4.0,(135),Port,Pantalan Road,Temporarily closed,,,,(032) 255 1721,,
701st Maritime Police Station,3.5,(2),,"CPA Building, Pier 6, Port Area, Cebu City, Cebu",(032) 234 6009,,,,Temporarily closed,,
Pier 3 Terminal,3.7,(47),Ferry terminal,Quezon Blvd,Temporarily closed,,,,(032) 272 3333,,
Game Ports,3.0,(2),Internet cafe,L. Flores St,(032) 414 5318,,,,Closed,Opens at 8:00 am,
Ocean Jet Fast Ferries,4.0,(4),Freight forwarding service,"Unit B, Ground Floor, AsiaLight Travel and Tours, FJO Building, Manuel C. Briones Highway",(032) 345 4070,http://www.oceanjet.net/,https://www.gstatic.com/images/icons/material/system_gm/1x/public_gm_blue_20dp.png,Website,Closed,Opens at 8:00 am,
Ocean Jet Ticket Office,3.0,(2),Shipping company,"Fuente Pension House, Don Julio Llorence Street",(032) 255 2723,http://www.oceanjet.net/,https://www.gstatic.com/images/icons/material/system_gm/1x/public_gm_blue_20dp.png,Website,Closed,Opens at 9:00 am,
Fishport,3.0,(2),Business center,"SM City Cebu, Juan Luna Avenue, Dakbayan sa Sugbu",(032) 412 4897,,,,,,
Cebu City Goverment - Slum Improvement and Resettlement (SIR),4.2,(21),,"Pasil Fish Port, Belgium Street, Cebu City, Cebu",(032) 261 1475,,,,Closed today,,
Pier 2,5.0,(1),Transport interchange,,,,,,0910 332 5298,,Cebu City
Cebu-Mactan Ferry Terminal,3.0,(40),Ferry terminal,,Temporarily closed,,,,0915 783 7156,Closing soon: 6:00 pm,
Tungod Port,4.0,(1),Port authority,Unnamed Road,Temporarily closed,,,,0995 021 8420,,
Coast Guard Sub-Station Aduana,5.0,(1),Coast guard station,"Cebu Port Authority Building, Passenger Terminal, Pier 1, Quezon Blvd",0917 842 7086,https://web.facebook.com/profile.php?id=100010149705029,https://www.gstatic.com/images/icons/material/system_gm/1x/public_gm_blue_20dp.png,Website,Closed,Opens at 10:00 am,
Cebu Asiatic Shipping And Port Services Incorporated,5.0,(1),Shipping company,Buanoy,(032) 465 2880,,,,Closed,Opens at 12:00 am,
Xara - SM Cebu,4.0,(1),,"Cebu Port City, North Reclamation Area, Cebu City, 6000, Cebu",(032) 231 0058,,,,Temporarily closed,,
Philippine Coast Guard - CGSCE Pas Three,4.8,(4),,"Cebu Port Authority Building, Pier 1, Cebu City, Cebu",Temporarily closed,http://www.coastguard.gov.ph/,https://www.gstatic.com/images/icons/material/system_gm/1x/public_gm_blue_20dp.png,Website,0927 879 6776,Closing soon: 6:40 pm,
Region VII Regional Director Office - Information and Communications Technology Office,3.5,"(2,043)",Government office,"Quezon Boulevard, Port Area",(032) 416 6591,,,,,,Airport with nearby lodging & gaming
Philippine Coast Guard - CGSCE Pas Two,2.0,(2),,"3rd Street, Pier 4, Port Area, Cebu City, Cebu",Closed today,http://www.coastguard.gov.ph/,https://www.gstatic.com/images/icons/material/system_gm/1x/public_gm_blue_20dp.png,Website,(032) 232 0321,,
Ocean Jet Fast Ferries,3.9,"(2,856)",Freight forwarding service,"Zayril Computers and Services, Garcia Street, Capitol Site",(032) 255 0647,http://www.oceanjet.net/,https://www.gstatic.com/images/icons/material/system_gm/1x/public_gm_blue_20dp.png,Website,Temporarily closed,,
S-ONE MARINE JOINERY,3.5,(85),Corporate office,"pier 5, International Port",(032) 255 7560,http://www.s-one.kr/,https://www.gstatic.com/images/icons/material/system_gm/1x/public_gm_blue_20dp.png,Website,Closed today,Open until 7:00 pm,
Port of Tabuelan,3.3,(69),Port,,Temporarily closed,,,,(032) 234 0245,,
Passenger Terminal 2,3.0,(22),Ferry terminal,,Temporarily closed,,,,(032) 255 1721,,
El Felo Construction& Supply,5.0,(1),Steel distributor,"Exit Pier 4, Cebu Port Center, T. Padilla",(02) 8512 4620,,,,Temporarily closed,,
Ocean Jet Fast Ferries,3.7,(47),Freight forwarding service,"Comfort and Leisure Travel And Tours, Cebu N Rd",(032) 422 9335,http://www.oceanjet.net/,https://www.gstatic.com/images/icons/material/system_gm/1x/public_gm_blue_20dp.png,Website,Temporarily closed,,
Ocean Jet - SM Travellers Lounge,5.0,(1),,"SM Cebu, North Reclamation Area, Cebu City, 6000, Cebu",(032) 232 0291,http://www.oceanjet.net/,https://www.gstatic.com/images/icons/material/system_gm/1x/public_gm_blue_20dp.png,Website,Closed,Opens at 8:00 am,
Danao Port,4.1,(8),Ferry terminal,Danao Port Rd,Closed,,,,(032) 345 4070,Opens at 8:00 am,
Weather Surveillance Doppler Radar,3.9,(14),Weather forecast service,Mactan,(032) 340 4143,,,,Closed,Opens at 9:00 am,
Ocean Jet Fast Ferries,5.0,(1),Freight forwarding service,"2nd Level, Cebu Trip Tours, The Persimmon Plus, M.J. Cuenco Avenue, Mabolo",(032) 268 5470,http://www.oceanjet.net/,https://www.gstatic.com/images/icons/material/system_gm/1x/public_gm_blue_20dp.png,Website,,,
Portside Money Changer,5.0,(7),Currency exchange service,"Inside Passenger Terminal 1, Cebu Port Authority Brgy",(032) 353 2012,,,,Closed today,Closing soon: 6:02 pm,
Noelle West,5.0,(1),Shopping mall,"Cor. Cabahug and Kaoshiunh Streets Port Center, Pope John Paul II Ave",0910 332 5298,,,,Temporarily closed,,Cebu City
Beastar Fashion Center,2.0,(1),Shopping mall,"A.Soriano Avenue. Cebu Port Center N.R.A., F. Cabahug St",0915 783 7156,,,,Temporarily closed,Closing soon: 6:00 pm,
Tangil Wharf,4.1,(17),Ferry terminal,Santander - Barili - Toledo Rd,Temporarily closed,,,,0995 021 8420,,
2GO Travel,3.7,(16),Travel agency,Quezon Blvd Pier 1,(032) 233 7000,http://travel.2go.com.ph/,https://www.gstatic.com/images/icons/material/system_gm/1x/public_gm_blue_20dp.png,Website,Temporarily closed,Opens at 10:00 am,
Guihulngan Bulado Port,3.6,(11),Seaport,,Closed,,,,(032) 465 2880,Opens at 12:00 am,
Metrobank Bancnet ATM,4.0,(1),,"Metrobank, APM Mall, Soriano Ave., Cebu Port Centre, Cebu North",Temporarily closed,,,,(032) 231 0058,,
Santiago Shipyard & Shipbuilding Corp. (Cebu Office),4.5,(2),Shipyard,,0927 879 6776,,,,Closed,Opens at 9:00 am,
Isabel RoRo Port,3.6,(33),Port,,,,,,(032) 416 6591,,Airport with nearby lodging & gaming
"OpenPort, Ltd. (Cebu IT Center)",5.0,(2),Software company,"Asiatown IT Park, 6000",(032) 232 0321,http://www.openport.com/,https://www.gstatic.com/images/icons/material/system_gm/1x/public_gm_blue_20dp.png,Website,Closed today,,
Gothong Southern Yellow Station 4,5.0,(1),Shipping service,F.E. Zuellig Avenue,(032) 260 7256,http://www.gothong.com/,https://www.gstatic.com/images/icons/material/system_gm/1x/public_gm_blue_20dp.png,Website,Temporarily closed,,
Facilities Management College,3.5,(85),College,Air Port Rd,(032) 255 7560,,,,Temporarily closed,Open until 7:00 pm,
Port of San Carlos,4.0,(635),Transportation service,Sofronio Carmona Street S Carmona St,(034) 312 5346,,,,Temporarily closed,,
Jomalia Shipping Corporation,4.2,(20),Shipping service,"S.O, Albaño Street",(032) 346 0421,https://www.jomaliashipping.com/,https://www.gstatic.com/images/icons/material/system_gm/1x/public_gm_blue_20dp.png,Website,Closed,Opens at 9:00 am,
Bon Chon Chicken,4.1,(15),Fast Food,"SM City Cebu, Cebu Port Center, uan Luna Ave.",(032) 260 8008,http://www.bonchon.com.ph/,https://www.gstatic.com/images/icons/material/system_gm/1x/public_gm_blue_20dp.png,Website,Temporarily closed,Open until 9:00 pm,Korean fried chicken specialist
Gandang Ricky Reyes,2.0,(1),Bar,"Cor. Cabahug and Kaoshiung Streets Port Center SM City, Juan Luna Ext",(032) 422 9335,,,,Temporarily closed,,
Banco De Oro,5.0,(1),Bank,"Blk. 20-A cor. Port Centre Ave. & Juan Luna Ave., North Reclamation Area, Cebu City, 6000, Cebu",(032) 232 0320,https://www.bdo.com.ph/,https://www.gstatic.com/images/icons/material/system_gm/1x/public_gm_blue_20dp.png,Website,Closed,Opens at 8:00 am,
One Edison Place,4.1,(8),Real estate agency,"Centre, Quezon Boulivard., Pier 4, NRA, Don Carlos A. Gothong Port Centre",(032) 234 4154,,,,Temporarily closed,Opens at 8:00 am,
DHL PhilPost - Cebu City,3.0,(4),Courier service,"Philippine Postal Corporation Cebu Port Authority - PMO4 Area, A. Pigafetta Street",Closed,,,,(032) 340 4143,Opens at 9:00 am,
Zamin Foreign Exchange,5.0,(1),,"Ground Floor, Unit 135, APM Mall, Soriano Avenue, Cebu Port Area, Mabolo, Cebu City, Cebu",,,,,(032) 268 5470,,
Multi Store Corporation,3.0,(1),Supermarket,"SM City Cebu, Cebu Port Center, North Reclamation Center Area",(032) 231 1923,,,,Closed today,Closing soon: 6:02 pm,
BDO,5.0,(1),Bank,Cor. Port Centre Ave. & Juan Luna Ave. North Reclamation Area,(02) 232 0320,http://www.bdo.com.ph/,https://www.gstatic.com/images/icons/material/system_gm/1x/public_gm_blue_20dp.png,Website,Temporarily closed,,Cebu City
United South Dockhandlers,2.0,(1),Business management consultant,"CFC Shipma Building, Pier 4 Port Area, Quezon Blvd",(032) 231 5215,https://usdi-ph.com/,https://www.gstatic.com/images/icons/material/system_gm/1x/public_gm_blue_20dp.png,Website,Temporarily closed,Closing soon: 6:00 pm,
Cebu,4.0,(10),Ferry terminal,,Temporarily closed,,,,0995 021 8420,,
Fb's Boiling Point,5.0,(1),Restaurant,Roro Port Road,0933 924 5621,,,,Temporarily closed,Open until 11:00 pm,
Trans-Asia Shipping Lines Inc. - Cebu Extremes Production,3.3,(3),,#40 Arlington Pond St,(032) 253 6908,http://www.transasiashipping.com/,https://www.gstatic.com/images/icons/material/system_gm/1x/public_gm_blue_20dp.png,Website,Closed,Opens at 12:00 am,
SugarSea Inn Diving Shop,5.0,(3),Lodging,Marigondon Port Rd,0927 353 1877,,,,Temporarily closed,,
Pier 4,3.8,(704),Pier,115 Arellano Blvd,(032) 234 9791,,,,Closed,Opens at 9:00 am,
Philippine Seafarers Union - Cebu,5.0,(1),,"ALU Building, Quezon Boulevard, Port Area, Cebu City, 6000, Cebu",(032) 256 1669,,,,,,Airport with nearby lodging & gaming
Cebu Supergro Products Corporation,5.0,(1),Import export company,"First Avenue, Arellano Boulevard, Port Center",(032) 232 3775,,,,Closed today,,
2GO Travel,5.0,(1),Courier service,"Ayala Center, Bohol Avenue",(032) 232 0775,,,,Temporarily closed,,
Ximex Delivery Express - Metro Cebu,1.0,(8),,"Madrigal Compound, 21 Legaspi Street, Port Area, Cebu City, Cebu",(032) 256 0558,http://www.xde.com.ph/,https://www.gstatic.com/images/icons/material/system_gm/1x/public_gm_blue_20dp.png,Website,Temporarily closed,Open until 7:00 pm,
Sun Life Financial,4.0,(635),Financial planner,"The North Atrium, M. C. Briones St",(032) 849 9888,http://www.sunlife.com.ph/,https://www.gstatic.com/images/icons/material/system_gm/1x/public_gm_blue_20dp.png,Website,Closed,Opens at 8:00 am,
Octagon Tires and Accessories,5.0,(2),Tire shop,Port Service Rd,(032) 233 1127,,,,Temporarily closed,Opens at 9:00 am,
2GO Travel,1.0,(2),Courier service,"1263-1 V. Rama Avenue, Guadalupe",(032) 253 5732,,,,Temporarily closed,Open until 9:00 pm,Korean fried chicken specialist
Trans-Asia Shipping Lines Inc. - Capitol Post Office,2.0,(2),Shipping company,Capitol Site (beside Provincial Capitol Building),(032) 255 6669,http://www.transasiashipping.com/,https://www.gstatic.com/images/icons/material/system_gm/1x/public_gm_blue_20dp.png,Website,Temporarily closed,,
Maersk,5.0,(1),Trucking company,Uldog Street,Closed,,,,(032) 232 0320,Opens at 8:00 am,
2GO Travel,4.1,(8),Courier service,"Canduman Town Center, H. Abellana Street, Basak",(032) 505 8468,,,,Temporarily closed,Opens at 8:00 am,
Liloan Port,4.1,(582),Port,,0922 428 9497,,,,Closed,Opens at 9:00 am,
2GO Travel,4.0,(1),Courier service,Cebu South Road,(032) 417 3012,,,,,,
Metrobank ATM,3.0,(1),ATM,"APM Mall, Soriano Avenue, Cebu Port Centre, Cebu North Reclamation Area",(032) 268 3938,https://www.metrobank.com.ph/,https://www.gstatic.com/images/icons/material/system_gm/1x/public_gm_blue_20dp.png,Website,Closed today,Closing soon: 6:02 pm,
Taiheiyo Cement Phils Inc,4.0,(1),,11 th Floor Insular Life Business Centre Business Park,(032) 230 7333,http://www.taiheiyo-cement.com.ph/,https://www.gstatic.com/images/icons/material/system_gm/1x/public_gm_blue_20dp.png,Website,Temporarily closed,,Cebu City
Alu Associated Labor Union,3.0,(1),Labor union,432 Quezon Blvd,Temporarily closed,http://www.alu.org.ph/,https://www.gstatic.com/images/icons/material/system_gm/1x/public_gm_blue_20dp.png,Website,(032) 231 5215,Closing soon: 6:00 pm,
Ben Line Agencies - Cebu,4.0,(10),,"Door 2, 2nd Floor Carlos Perez Annex Building, A.C. Cortes Avenue, Mandaue City, Cebu",(032) 236 0761,http://www.benlineagencies.com/,https://www.gstatic.com/images/icons/material/system_gm/1x/public_gm_blue_20dp.png,Website,Temporarily closed,,
Maya New Roro Port - Malapascua Ferry,3.6,(148),Ferry service,"Unnamed Road,",0933 924 5621,,,,Temporarily closed,Open until 11:00 pm,
Supercat ticketing office,3.5,(18),Ferry service,,32233700,http://www.supercat.com.ph/index.asp,https://www.gstatic.com/images/icons/material/system_gm/1x/public_gm_blue_20dp.png,Website,Temporarily closed,Opens at 12:00 am,
Tokyo Steel Philippines Corporation,5.0,(1),,"Mactan Export Processing Zone 1, Ibo, Lapu-Lapu City, Cebu, Philippines",(032) 340 6076,http://tokyosteel.com.ph/,https://www.gstatic.com/images/icons/material/system_gm/1x/public_gm_blue_20dp.png,Website,Temporarily closed,,
Dumaguete,3.8,(82),Ferry terminal,,Closed,,,,(032) 234 9791,Opens at 9:00 am,
Pier 5,3.8,(129),Cruise terminal,,(032) 256 1669,http://www.cpa.gov.ph/,https://www.gstatic.com/images/icons/material/system_gm/1x/public_gm_blue_20dp.png,Website,Temporarily closed,,Airport with nearby lodging & gaming
Waterfront Hotel & Casino Cebu City,4.3,"(4,434)",4-star hotel,Salinas Dr,(032) 232 6888,http://www.waterfronthotels.com.ph/,https://www.gstatic.com/images/icons/material/system_gm/1x/public_gm_blue_20dp.png,Website,Closed today,,Grand hotel with a casino & 24/7 dining
"Ocean Fast Ferries, Inc. (OCEANJET) Main office",3.0,(20),Transportation service,Arellano Blvd,(032) 255 7560,http://www.oceanjet.net/,https://www.gstatic.com/images/icons/material/system_gm/1x/public_gm_blue_20dp.png,Website,Temporarily closed,,
2GO Travel,1.0,(8),Courier service,Central Nautical Highway,0922 799 5557,,,,Temporarily closed,Open until 7:00 pm,
Apo Cement Corporation,3.9,(109),Cement manufacturer,National Highway,(032) 489 3300,,,,Closed,Open until 8:00 pm,
SM City Cebu,4.4,"(15,414)",Shopping mall,Juan Luna Avenue,(032) 231 0557,https://www.smsupermalls.com/mall-locator/sm-city-cebu/information/,https://www.gstatic.com/images/icons/material/system_gm/1x/public_gm_blue_20dp.png,Website,Temporarily closed,Open until 10:00 pm,Large shopping mall with a cinema
FF Cruz Wharf,3.3,(21),Marina,N.R.A.,(032) 253 5732,,,,Temporarily closed,Open until 9:00 pm,Korean fried chicken specialist
Mövenpick Hotel Mactan Island Cebu,4.5,"(3,390)",5-star hotel,,(032) 492 7777,https://www.movenpick.com/en/asia/philippines/cebu/hotel-mactan-island-cebu/overview/?utm_source=google&utm_medium=local&utm_campaign=Glocal+cebu,https://www.gstatic.com/images/icons/material/system_gm/1x/public_gm_blue_20dp.png,Website,Temporarily closed,,Sleek hotel with a private beach & spa
FastCat Cebu Ticketing Office,2.7,(7),Ferry service,"C. Arellano Boulevard, Cor V. Sotto St",0998 593 0968,https://www.fastcat.com.ph/,https://www.gstatic.com/images/icons/material/system_gm/1x/public_gm_blue_20dp.png,Website,Temporarily closed,Opens at 8:00 am,
Mactan,4.2,(214),Island,,Temporarily closed,,,,(032) 505 8468,Opens at 8:00 am,"Small, vibrant coral island with resorts"
Cebu North Bus Terminal,3.2,(102),Bus station,,Closed,,,,0922 428 9497,Opens at 9:00 am,
CABAHUG WHARF,3.5,(30),Marina,,(032) 417 3012,,,,Temporarily closed,,
Philippine Coast Guard - CGDet San Carlos,1.0,(1),Government office,"Port Area, Barangay VI",0929 674 2131,http://www.coastguard.gov.ph/,https://www.gstatic.com/images/icons/material/system_gm/1x/public_gm_blue_20dp.png,Website,Closed today,Closing soon: 6:02 pm,
"Toys""R""Us Galleria Cebu",4.4,"(5,027)",Toy store,Level 2 Robinsons Place Galleria Cebu,(032) 260 8632,http://www.toysrus.com.ph/,https://www.gstatic.com/images/icons/material/system_gm/1x/public_gm_blue_20dp.png,Website,Temporarily closed,,Cebu City
Pier 3,4.5,(2),Transport interchange,,Temporarily closed,,,,(032) 231 5215,Closing soon: 6:00 pm,
힐튼 선착장,4.8,(4),Marina,,(032) 236 0761,http://cebubook.com/,https://www.gstatic.com/images/icons/material/system_gm/1x/public_gm_blue_20dp.png,Website,Temporarily closed,,
Navicare Maritime Online Review & Training Center,5.0,(3),Training centre,"Room 306C, 3rd Floor, GMC Plaza Bldg, (In front of Plaza Independencia, Beside AA BBQ), Legaspi Extension",(032) 230 7652,http://fb.com/navicare2014,https://www.gstatic.com/images/icons/material/system_gm/1x/public_gm_blue_20dp.png,Website,Temporarily closed,Open until 11:00 pm,
Cebu,4.5,"(1,302)",Island,,Temporarily closed,,,,32233700,Opens at 12:00 am,Vibrant island with Cebu City & beaches
세부 요트 클럽(Cebu Yacht Club),4.0,(9),Sailing club,,Temporarily closed,http://cebubook.com/,https://www.gstatic.com/images/icons/material/system_gm/1x/public_gm_blue_20dp.png,Website,(032) 340 6076,,
Cebu Daily News,4.5,(27),Newspaper publisher,Sergio Osmeña Jr Boulevard,(032) 232 7618,http://cebudailynews.inquirer.net/,https://www.gstatic.com/images/icons/material/system_gm/1x/public_gm_blue_20dp.png,Website,Closed,Opens at 8:00 am,
Philippine Super Yachts,3.8,(129),Yacht club,"No 28 Sikatuna Village, Mandaue",0928 751 7430,,,,Temporarily closed,,Airport with nearby lodging & gaming
Chosun Galbi Korean Restaurant,4.0,(308),Korean,888 A. S. Fortuna St,(032) 239 2281,,,,Closed today,Open until 5:00 am,Grand hotel with a casino & 24/7 dining
Pag-IBIG Toledo Member Services Branch,4.4,(10),Corporate office,5 S Osmena St Toledo City 6038 S Osmena St,(032) 255 7560,http://www.pagibigfund.gov.ph/,https://www.gstatic.com/images/icons/material/system_gm/1x/public_gm_blue_20dp.png,Website,Closed today,,
Mactan Channel,4.2,(41),Strait,,Temporarily closed,,,,0922 799 5557,Open until 7:00 pm,
"Wilhelmsen-Smith Bell Manning, Inc. (Cebu Office)",3.9,(109),Recruiter,"Rm 211 2/F LDM Bldg. M.J. Cuenco Avenue, corner Legaspi St",(032) 254 0368,http://www.wilhelmsen.com/,https://www.gstatic.com/images/icons/material/system_gm/1x/public_gm_blue_20dp.png,Website,Temporarily closed,Open until 8:00 pm,
Medallion Transport Inc.,3.4,(55),Travel services,65 Salvador St,(032) 231 5971,https://www.facebook.com/medalliontransportinc/,https://www.gstatic.com/images/icons/material/system_gm/1x/public_gm_blue_20dp.png,Website,Temporarily closed,Open until 9:15 pm,Large shopping mall with a cinema
Cokaliong Shipping Lines Inc.,3.6,(157),Shipping company,Don Sergio Osmeña Jr Boulevard,(032) 232 7211,http://www.cokaliongshipping.com/,https://www.gstatic.com/images/icons/material/system_gm/1x/public_gm_blue_20dp.png,Website,Temporarily closed,Open until 9:00 pm,Korean fried chicken specialist
Philippine Coast Guard Cebu Office,4.4,(7),Government,Arellano Blvd,0998 585 6254,http://www.coastguard.gov.ph/,https://www.gstatic.com/images/icons/material/system_gm/1x/public_gm_blue_20dp.png,Website,Temporarily closed,,Sleek hotel with a private beach & spa
Department of Information and Communications Technology,5.0,(2),Government,A. Pigafetta Street,Temporarily closed,,,,0998 593 0968,Opens at 8:00 am,
MYE Travel and Tours,4.2,(214),Travel agency,"Unit 3 M&R Arcade, S Jayme St",0917 772 7925,,,,Temporarily closed,Opens at 8:00 am,"Small, vibrant coral island with resorts"
Primary Structures Corporation,3.0,(6),Corporate office,#333 PSC Building V Rama Ave,(032) 253 8026,http://www.primary.com.ph/,https://www.gstatic.com/images/icons/material/system_gm/1x/public_gm_blue_20dp.png,Website,Closed today,Opens at 9:00 am,
MSC,3.5,(30),Pawn shop,North Road,(032) 512 3022,,,,Temporarily closed,,
Lite Ferries Corp. Building,4.2,(26),Corporate office,1022 Mj Cuenco,Closed today,http://www.liteferries.com.ph/,https://www.gstatic.com/images/icons/material/system_gm/1x/public_gm_blue_20dp.png,Website,0929 674 2131,Closing soon: 6:02 pm,
Philippine Coast Guard - CGDet Camotes,4.3,(8),,"Port Area, Poro, Camotes, Cebu",Temporarily closed,http://www.coastguard.gov.ph/,https://www.gstatic.com/images/icons/material/system_gm/1x/public_gm_blue_20dp.png,Website,(032) 260 8632,,Cebu City
Barcelona Sea Port,3.4,(79),Port,,Temporarily closed,,,,0916 446 0595,Closing soon: 6:00 pm,
Port of Guihulngan,4.7,(3),Ferry terminal,Guihulngan City,Temporarily closed,,,,(032) 232 1461,,Negros Occidental
Cebu Port Authority Poro Office & Passenger Terminal,3.4,(7),,Poro,(032) 516 3098,,,,Temporarily closed,Open until 11:00 pm,
San Francisco Port,3.5,(2),Port authority,,Closed today,,,,(038) 412 3934,Opens at 12:00 am,Vibrant island with Cebu City & beaches
Port of Baybay,4.2,(11),Fishing pier,,Temporarily closed,,,,0932 703 9048,,
Taiheiyo Cement Philippines Port,4.7,(3),Port authority,,Closed,,,,(032) 232 7618,Opens at 8:00 am,
Cebu International Port,4.3,(4),,Cebu City,(032) 233 3814,http://www.cpa.gov.ph/,https://www.gstatic.com/images/icons/material/system_gm/1x/public_gm_blue_20dp.png,Website,Closed,Opens at 10:00 am,Airport with nearby lodging & gaming
"ferry Port to Loon, Bohol",3.8,(37),Marina,Sibonga,0917 631 5903,,,,Temporarily closed,Open until 5:00 am,Grand hotel with a casino & 24/7 dining
Port of Maasin,3.6,(8),Seaport,Maasin City,Temporarily closed,,,,0918 654 4111,,
Guihulngan Bulado Port,3.6,(11),Seaport,,Closed,,,,(047) 252 9978,Opens at 6:00 am,Zip-line rides & other thrill activities
Tangil Wharf,4.1,(17),Ferry terminal,Dumanjug,Temporarily closed,,,,(032) 254 0368,Open until 8:00 pm,
Cebu Port Authority,5.0,(2),Local government office,City of Naga,(032) 460 0186,http://www.cpa.gov.ph/,https://www.gstatic.com/images/icons/material/system_gm/1x/public_gm_blue_20dp.png,Website,Temporarily closed,Open until 9:15 pm,Large shopping mall with a cinema
Santa Rosa Port,4.0,(17),Ferry terminal,,Temporarily closed,,,,(032) 232 7211,Open until 9:00 pm,Bustling tropical beach for snorkeling
Naga Port And Shipping Marine,4.5,(4),Shipping company,City of Naga,(032) 239 4861,,,,Closed today,,Sleek hotel with a private beach & spa
Port of San Carlos,4.0,(635),Transportation service,San Carlos City,(034) 312 5346,,,,Closed,Opens at 9:00 am,
Philippine Port Authority,4.0,(4),Port authority,,Temporarily closed,,,,(032) 233 3814,Opens at 8:00 am,"Small, vibrant coral island with resorts"
Baybay City Port Authority,3.9,(63),Port,,Closed,,,,(032) 344 9211,Opens at 8:30 am,
Lo-oc Silica Bay Port Area,5.0,(1),Seaport,Ayungon,Temporarily closed,,,,(032) 253 1853,,
Crown Port View Hotel,3.5,(102),2-star hotel,,(032) 416 5105,,,,Temporarily closed,Opens at 9:00 pm,
Philippine Ports Authority,1.0,(1),Corporate office,,Temporarily closed,,,,+1 302-571-4600,Open until 9:00 pm,Cebu City
ACG Port Services,3.4,(79),,Mandaue City,(032) 344 7371,,,,Temporarily closed,Closing soon: 6:00 pm,
Puertobello Port,4.7,(3),Seaport,,Temporarily closed,,,,(032) 232 1461,,Negros Occidental
Liloan Port,4.3,(3),Port operating company,,Temporarily closed,,,,(032) 516 3098,Open until 11:00 pm,
Bureau Of Customs Port Of Cebu,4.2,(5),Government office,Cebu City,(032) 350 3219,http://customs.gov.ph/,https://www.gstatic.com/images/icons/material/system_gm/1x/public_gm_blue_20dp.png,Website,Closed today,Opens at 12:00 am,Vibrant island with Cebu City & beaches
Tungod Port,4.0,(1),Port authority,Inabanga,Temporarily closed,,,,0932 703 9048,,
Sibonga Port,3.5,(14),Amusement park,,(032) 232 7618,,,,Temporarily closed,Opens at 8:00 am,
Pasil Fish Port,3.7,(165),Fish farm,Cebu City,0922 743 1610,,,,Closed,Opens at 10:00 am,Airport with nearby lodging & gaming
Port Security Division - Cebu Port Authority,3.8,(37),Government office,Cebu City,(032) 232 1967,,,,Temporarily closed,Open until 5:00 am,Grand hotel with a casino & 24/7 dining
Talisay Fish Port,3.8,(8),Fishing pier,Talisay,0995 421 5635,,,,Temporarily closed,,
Port Of Popoo,3.6,(11),Port authority,Pres Carlos P Garcia,Closed,,,,(047) 252 9978,Opens at 6:00 am,Zip-line rides & other thrill activities
City Of Danao Port Passenger Lounge,1.0,(1),Port authority,,Temporarily closed,,,,(032) 254 0368,Open until 8:00 pm,
Ouano Port To Tubigon,5.0,(2),Department of Transportation,Mandaue City,Temporarily closed,,,,(032) 460 0186,Open until 9:15 pm,Large shopping mall with a cinema
Guadalupe Pier Port,4.5,(2),Fishing pier,Maasin City,Temporarily closed,,,,(032) 232 7211,Open until 9:00 pm,Bustling tropical beach for snorkeling
Tabuelan Ferry Port,3.6,(10),Ferry terminal,,Closed today,,,,(032) 239 4861,,Sleek hotel with a private beach & spa
Guadalupe Port,3.0,(1),Port authority,Maasin City,Closed,,,,(034) 312 5346,Opens at 9:00 am,
Jagutapay Port,4.4,(7),Port operating company,Cebu City,0905 399 8259,,,,Temporarily closed,Closing soon: 6:00 pm,"Small, vibrant coral island with resorts"
Philippine Ports Authority (PPA) - Getafe,3.9,(63),Port authority,,Closed,,,,(032) 344 9211,Opens at 8:30 am,
Yap Ro-Ro Port,5.0,(1),,,Temporarily closed,,,,(032) 253 1853,,
Danao City Fish Port,5.0,(1),,Catmon,Temporarily closed,,,,(032) 416 5105,Opens at 9:00 pm,
Port Of Maasin Terminal,4.3,(3),Cruise terminal,,Temporarily closed,,,,+1 302-571-4600,Open until 9:00 pm,Cebu City
Cebu Port Authority Collection Office (Berth 11),3.4,(79),Federal government office,,(032) 402 4165,http://www.cpa.gov.ph/,https://www.gstatic.com/images/icons/material/system_gm/1x/public_gm_blue_20dp.png,Website,Temporarily closed,Open until 7:00 pm,
Catagbacan port,4.3,(3),Corporate office,Loon,Temporarily closed,,,,(032) 232 1461,,Negros Occidental
Mactan-Cebu International Airport,3.5,"(2,043)",International airport,Lapu-Lapu City,(032) 340 2486,http://mciaa.gov.ph/,https://www.gstatic.com/images/icons/material/system_gm/1x/public_gm_blue_20dp.png,Website,Temporarily closed,Open until 11:00 pm,Airport with nearby lodging & gaming
Lite Port Center,5.0,(1),Shopping mall,Cebu City,(032) 255 1721,,,,Temporarily closed,Opens at 12:00 am,Vibrant island with Cebu City & beaches
Minglanilla Fishport,2.8,(6),Pier,,Temporarily closed,,,,0932 703 9048,,
Minglanilla Barge Port,3.7,(3),Port authority,Minglanilla,Temporarily closed,,,,(032) 232 7618,Opens at 8:00 am,
CCC Port,4.0,(1),Port operating company,,Closed,,,,0922 743 1610,Opens at 10:00 am,Airport with nearby lodging & gaming
Bagacay Port,4.0,(2),Port,,Temporarily closed,,,,(032) 232 1967,Open until 5:00 am,Grand hotel with a casino & 24/7 dining
District Collector - Port of Cebu,3.8,(8),Government office,Cebu City,(032) 231 6782,,,,Temporarily closed,,
Cebu Asiatic Shipping and Port Services Inc.,3.6,(11),,Balamban,(032) 341 4474,,,,Closed,Opens at 6:00 am,Zip-line rides & other thrill activities
Inuboran Fish Port,4.0,(18),Restaurant,,(056) 898 6501,,,,Closed,Opens at 12:00 am,
Brgy Panaytayon Fish Port,4.0,(2),Port,Tubigon,Temporarily closed,,,,(032) 460 0186,Open until 9:15 pm,Large shopping mall with a cinema
Talibon port,5.0,(1),Port authority,Talibon,Temporarily closed,,,,(032) 232 7211,Open until 9:00 pm,Bustling tropical beach for snorkeling
Port Net Transport Services Inc.,3.6,(10),Freight forwarding service,Mandaue City,(032) 343 9937,,,,Closed today,,Sleek hotel with a private beach & spa
North Reclamation Area,3.0,(1),,,Closed,,,,(034) 312 5346,Opens at 9:00 am,Cebu City
Brgy Pinayagan Norte Fish Port,4.4,(7),Port,,Temporarily closed,,,,0905 399 8259,Closing soon: 6:00 pm,"Small, vibrant coral island with resorts"
Cebu Port Authority (CPA) - 4th St.,3.9,(63),Port authority,Cebu City,(032) 344 9211,http://www.cpa.gov.ph/,https://www.gstatic.com/images/icons/material/system_gm/1x/public_gm_blue_20dp.png,Website,Closed,Opens at 9:00 am,
Oriental Port and Allied Services Corporation,3.8,(4),Shipping service,Cebu City,(032) 232 5511,,,,Closed today,,
Construction and Maintenance Division - Cebu Port Authority,5.0,(1),Government office,Cebu City,(032) 232 6369,,,,Temporarily closed,Opens at 9:00 pm,
Tayasan Port,4.3,(3),Port authority,Tayasan,Temporarily closed,,,,+1 302-571-4600,Open until 9:00 pm,Cebu City
Port of Municipality of Tudela,3.0,(1),,,Temporarily closed,,,,(032) 402 4165,Open until 7:00 pm,
Clarin Port,5.0,(1),Port authority,Clarin Pier Rd,Temporarily closed,,,,(032) 232 1461,,Negros Occidental
Sum-ag Fish Port,5.0,(3),River port,,Temporarily closed,,,,(032) 340 2486,Open until 11:00 pm,Airport with nearby lodging & gaming
Japitan Fish Port,4.5,(4),Fishing pier,Santander - Barili - Toledo Rd,Temporarily closed,,,,(032) 255 1721,Opens at 12:00 am,Vibrant island with Cebu City & beaches
Danao Port Elementary School,4.3,(3),Elementary school,Escalante City,Temporarily closed,,,,0932 703 9048,,
Manuto River,3.7,(3),River port,,0995 021 8420,,,,Temporarily closed,Opens at 8:00 am,
Bien Unido Port,4.6,(8),Port,,0906 543 9057,,,,Closed,Opens at 10:00 am,Airport with nearby lodging & gaming
Clarin fork,4.0,(2),River port,,Temporarily closed,,,,(032) 232 1967,Open until 5:00 am,Grand hotel with a casino & 24/7 dining
Catarman Port Lighthouse,3.8,(8),Port authority,Cordova,Temporarily closed,,,,(032) 231 6782,,
Cebu Asiatic Shipping And Port Services Incorporated,5.0,(1),Shipping company,Toledo City,(032) 465 2880,,,,Closed,Opens at 6:00 am,Zip-line rides & other thrill activities
Cebu Asiatic Shipping And Port Services,4.0,(1),Shipping company,Cebu City,(032) 253 6617,,,,Closed,Opens at 12:00 am,
Port Coquitlam Development Corporation,4.0,(2),Transportation service,Cebu City,(032) 232 3216,,,,Temporarily closed,Open until 9:15 pm,Large shopping mall with a cinema
Barangay Matabao Fish Port,5.0,(1),Port,Calape,Temporarily closed,,,,(032) 232 7211,Open until 9:00 pm,Bustling tropical beach for snorkeling
Lungsodaan Fish Port,4.0,(1),Fishing pier,Mabini,Closed today,,,,(032) 343 9937,,Sleek hotel with a private beach & spa
Mabini Port,3.0,(1),Corporate office,,Closed,,,,(034) 312 5346,Opens at 9:00 am,Cebu City
Badian Island Wellness Resort Port,4.5,(19),Resort,Badian,(032) 401 3304,http://badianwellness.com/,https://www.gstatic.com/images/icons/material/system_gm/1x/public_gm_blue_20dp.png,Website,Temporarily closed,Closing soon: 6:00 pm,"Small, vibrant coral island with resorts"
Business Marketing and Development Department - Cebu Port Authority,3.9,(63),Government office,Cebu City,(032) 412 9024,,,,Closed,Opens at 9:00 am,
Trans One Port Solution,3.8,(4),Transportation service,Mandaue City,(032) 564 2330,,,,Temporarily closed,,
Guindulman Fishing Port,5.0,(1),Port,,Temporarily closed,,,,(032) 232 6369,Opens at 9:00 pm,
Malingin Mini Port,4.3,(3),Port authority,,Temporarily closed,,,,+1 302-571-4600,Open until 9:00 pm,Cebu City
Plant Quarantine Service - Region 7-Port of Cebu,3.0,(1),,Cebu City,Temporarily closed,,,,(032) 402 4165,Open until 7:00 pm,
Eagle Port Pro Shop,5.0,(1),Trading company,Lapu-Lapu City,(032) 340 0306,,,,Temporarily closed,,Negros Occidental
Jimalalud Sea Port,5.0,(3),Port authority,Jimalalud,Temporarily closed,,,,(032) 340 2486,Open until 11:00 pm,Airport with nearby lodging & gaming
Fish port,4.5,(4),Fishing pier,,(032) 255 1721,,,,Temporarily closed,Opens at 12:00 am,Vibrant island with Cebu City & beaches
Sa Amihan Port Lodge,4.3,(3),Business center,Cebu City,(032) 232 2873,,,,Temporarily closed,,
Calape Fish Landing Mini Port,3.7,(3),Port,Calape,Temporarily closed,,,,0995 021 8420,Opens at 8:00 am,
A.O.M ship and port management,5.0,(2),Shipyard,Mandaue City,0906 543 9057,,,,Closed today,Opens at 10:00 am,Airport with nearby lodging & gaming
Catagbacan Fish Port,4.0,(2),Fish farm,Loon,Temporarily closed,,,,(032) 232 1967,Open until 5:00 am,Grand hotel with a casino & 24/7 dining
Cordova roro port road mercado,3.8,(8),Food court,,Temporarily closed,,,,(032) 231 6782,,
Guiwanon Mini Fish Port,4.1,(7),Port,,Closed,,,,(032) 465 2880,Opens at 6:00 am,Zip-line rides & other thrill activities
Rotary Club of Cebu Port Centre,3.3,(3),Club,Cebu City,(032) 238 3958,http://www.rccebuportcentre.club/,https://www.gstatic.com/images/icons/material/system_gm/1x/public_gm_blue_20dp.png,Website,Closed today,Opens at 12:00 am,
Port Christian Center,4.0,(2),Church,Cebu City,(032) 256 2807,,,,Temporarily closed,Open until 9:15 pm,Large shopping mall with a cinema
Port to Canigao Island,4.0,(1),Port authority,,(053) 569 9077,,,,Temporarily closed,Open until 9:00 pm,Bustling tropical beach for snorkeling
Cebu Port United Drivers Multi-Purpose Cooperative,4.0,(1),Bank,Cebu City,(032) 236 0726,,,,Closed today,,Sleek hotel with a private beach & spa
Far East Bank & Trust Co. - Cebu Port Center,3.0,(1),,,(032) 232 5648,,,,Closed,Opens at 9:00 am,Cebu City
Carmen Copper Corporation Port Facility,4.5,(19),Corporate office,Toledo City,Temporarily closed,,,,(032) 401 3304,Closing soon: 6:00 pm,"Small, vibrant coral island with resorts"
Talisay Port,3.9,(63),Boat ramp,Loon,Closed,,,,(032) 412 9024,Opens at 9:00 am,
Cogtong Fish Port,4.0,(8),Fishing pier,Candijay,Temporarily closed,,,,(032) 564 2330,,
"Naga Port And Shipping Marine Services, Inc.",5.0,(1),,Cebu City,Temporarily closed,,,,(032) 232 6369,Opens at 9:00 pm,
Bantayan Port,4.3,(3),Fishing pier,Cordova,+1 302-571-4600,,,,Temporarily closed,Open until 9:00 pm,Cebu City
South Port News Agency Services,3.0,(1),News service,,(032) 349 7610,http://south.gg/,https://www.gstatic.com/images/icons/material/system_gm/1x/public_gm_blue_20dp.png,Website,Temporarily closed,Open until 7:00 pm,
Guindulman Fish Port,3.5,(19),Port,Guindulman,Temporarily closed,,,,(032) 340 0306,,Negros Occidental
Potohan Fish Port,4.0,(8),Fishing pier,Tubigon,Temporarily closed,,,,(032) 340 2486,Open until 11:00 pm,Airport with nearby lodging & gaming
Bantayan Fish Port,4.5,(4),Fishing pier,Cordova,(032) 255 1721,,,,Temporarily closed,Opens at 12:00 am,Vibrant island with Cebu City & beaches
Eastern Cabul-an Port,3.0,(11),,,Temporarily closed,,,,(032) 232 2873,,
Cordova roro port road mercado,5.0,(1),Food court,,Temporarily closed,,,,0995 021 8420,Opens at 8:00 am,
Don Carlos A. Gothong Port Centre,5.0,(2),,Cebu City,Closed today,,,,0906 543 9057,Opens at 10:00 am,Airport with nearby lodging & gaming
Oriental Port and Allied Services Corporation,3.2,(5),Gas station,Cebu City,(032) 233 0728,,,,Temporarily closed,Open until 5:00 am,Grand hotel with a casino & 24/7 dining
Port of Tuburan,4.3,(12),Ferry service,Tuburan,Temporarily closed,,,,(032) 231 6782,,
Toledo City Ferry Terminal,4.0,(12),Ferry terminal,Toledo City,Closed,,,,(032) 465 2880,Opens at 6:00 am,Zip-line rides & other thrill activities
Ubay,3.3,(3),,,Closed today,http://www.ubaybohol.byethost3.com/,https://www.gstatic.com/images/icons/material/system_gm/1x/public_gm_blue_20dp.png,Website,(032) 238 3958,Opens at 12:00 am,Bohol
Philippine Coast Guard - CGDet San Carlos,1.0,(1),Government office,San Carlos City,0929 674 2131,http://www.coastguard.gov.ph/,https://www.gstatic.com/images/icons/material/system_gm/1x/public_gm_blue_20dp.png,Website,Temporarily closed,Open until 9:15 pm,Large shopping mall with a cinema
Pier 4,3.8,(704),Pier,Cebu City,(032) 234 9791,,,,Temporarily closed,Open until 9:00 pm,Bustling tropical beach for snorkeling
Ubay Ports Authority,4.0,(3),Coast guard station,Ubay,Closed today,,,,(032) 236 0726,,Sleek hotel with a private beach & spa
Pier 5,3.8,(129),Cruise terminal,,(032) 232 5648,http://www.cpa.gov.ph/,https://www.gstatic.com/images/icons/material/system_gm/1x/public_gm_blue_20dp.png,Website,Temporarily closed,Opens at 9:00 am,Cebu City
Cebu(Pier1),3.8,(300),Ferry terminal,,Temporarily closed,,,,(032) 401 3304,Closing soon: 6:00 pm,"Small, vibrant coral island with resorts"
Oceanjet Ticketing Office,3.5,(85),Transportation service,,(032) 255 7560,http://www.oceanjet.net/,https://www.gstatic.com/images/icons/material/system_gm/1x/public_gm_blue_20dp.png,Website,Temporarily closed,Opens at 9:00 am,
Jomalia Shipping Corporation,4.2,(20),Shipping service,Mandaue City,(032) 346 0421,https://www.jomaliashipping.com/,https://www.gstatic.com/images/icons/material/system_gm/1x/public_gm_blue_20dp.png,Website,Closed,Opens at 9:00 am,
Pier 3 Terminal,3.7,(47),Ferry terminal,Cebu City,Temporarily closed,,,,(032) 232 6369,Opens at 9:00 pm,
Ocean Jet Fast Ferries,5.0,(1),Freight forwarding service,Cebu City,(032) 234 0245,http://www.oceanjet.net/,https://www.gstatic.com/images/icons/material/system_gm/1x/public_gm_blue_20dp.png,Website,Temporarily closed,Open until 9:00 pm,Cebu City
San Carlos Ferry Terminal (PPA),3.9,(25),Ferry terminal,,Temporarily closed,,,,(032) 349 7610,Open until 7:00 pm,
Ocean Jet Ticket Office,3.0,(2),Shipping company,Cebu City,(032) 255 2723,http://www.oceanjet.net/,https://www.gstatic.com/images/icons/material/system_gm/1x/public_gm_blue_20dp.png,Website,Temporarily closed,,Negros Occidental
Ocean Jet Fast Ferries,3.8,(9),Freight forwarding service,Talisay,(032) 490 6008,http://www.oceanjet.net/,https://www.gstatic.com/images/icons/material/system_gm/1x/public_gm_blue_20dp.png,Website,Temporarily closed,Open until 11:00 pm,Airport with nearby lodging & gaming
Fishport,4.5,(4),Business center,Cebu City,(032) 412 4897,,,,Temporarily closed,Opens at 12:00 am,Vibrant island with Cebu City & beaches
Hilongos,3.0,(11),,,Temporarily closed,,,,(032) 232 2873,,Leyte
Philippine Coast Guard - CGDet Camotes,4.3,(8),,Poro,Temporarily closed,http://www.coastguard.gov.ph/,https://www.gstatic.com/images/icons/material/system_gm/1x/public_gm_blue_20dp.png,Website,0995 021 8420,Opens at 8:00 am,
Camotes,5.0,(5),Ferry terminal,,Closed today,,,,0906 543 9057,Opens at 10:00 am,Airport with nearby lodging & gaming
CEBUSOUTHPORT,3.2,(5),Manufacturer,Cebu City,(032) 260 0808,http://cebusouthport.com/,https://www.gstatic.com/images/icons/material/system_gm/1x/public_gm_blue_20dp.png,Website,Temporarily closed,Open until 5:00 am,Grand hotel with a casino & 24/7 dining
Philippine Coast Guard - CGSCE Pas Three,4.3,(12),,Cebu City,Temporarily closed,http://www.coastguard.gov.ph/,https://www.gstatic.com/images/icons/material/system_gm/1x/public_gm_blue_20dp.png,Website,(032) 231 6782,,
Philippine Coast Guard - CGSCE Pas Two,2.0,(2),,Cebu City,Closed,http://www.coastguard.gov.ph/,https://www.gstatic.com/images/icons/material/system_gm/1x/public_gm_blue_20dp.png,Website,(032) 465 2880,Opens at 6:00 am,Zip-line rides & other thrill activities
Lua's Place,5.0,(1),Fishing club,,Closed today,,,,(032) 238 3958,Opens at 12:00 am,Bohol
"OpenPort, Ltd. (Cebu IT Center)",5.0,(2),Software company,Cebu City,0929 674 2131,http://www.openport.com/,https://www.gstatic.com/images/icons/material/system_gm/1x/public_gm_blue_20dp.png,Website,Closed today,Open until 9:15 pm,Large shopping mall with a cinema
Hotel Pier Cuatro,3.7,(502),2-star hotel,,(032) 236 1111,http://www.hotelpiercuatro.com/,https://www.gstatic.com/images/icons/material/system_gm/1x/public_gm_blue_20dp.png,Website,Temporarily closed,Open until 9:00 pm,Bustling tropical beach for snorkeling
Japitan Multi-Purpose Cooperative,3.3,(3),Bank,Barili,0916 720 2892,,,,Closed today,,Sleek hotel with a private beach & spa
Ben Line Agencies - Cebu,3.8,(129),,Mandaue City,(032) 236 0761,http://www.benlineagencies.com/,https://www.gstatic.com/images/icons/material/system_gm/1x/public_gm_blue_20dp.png,Website,Temporarily closed,Opens at 9:00 am,Cebu City
Philippine Coast Guard - CGDet Tabuelan,4.0,(1),,Tabuelan,(032) 235 3300,http://www.coastguard.gov.ph/,https://www.gstatic.com/images/icons/material/system_gm/1x/public_gm_blue_20dp.png,Website,Temporarily closed,Closing soon: 6:00 pm,"Small, vibrant coral island with resorts"